Title,Worldwide Lifetime Gross,Domestic Lifetime Gross,Domestic %,Foreign Lifetime Gross,Foreign %,Year
Avatar,"$2,847,246,203","$760,507,625",26.7%,"$2,086,738,578",73.3%,2009
Avengers: Endgame,"$2,797,501,328","$858,373,000",30.7%,"$1,939,128,328",69.3%,2019
Titanic,"$2,201,647,264","$659,363,944",30%,"$1,542,283,320",70%,1997
Star Wars: Episode VII - The Force Awakens,"$2,069,521,700","$936,662,225",45.3%,"$1,132,859,475",54.7%,2015
Avengers: Infinity War,"$2,048,359,754","$678,815,482",33.1%,"$1,369,544,272",66.9%,2018
Jurassic World,"$1,670,516,444","$652,385,625",39%,"$1,018,130,819",61%,2015
The Lion King,"$1,662,899,439","$543,638,043",32.7%,"$1,119,261,396",67.3%,2019
The Avengers,"$1,518,815,515","$623,357,910",41%,"$895,457,605",59%,2012
Furious 7,"$1,515,341,399","$353,007,020",23.3%,"$1,162,334,379",76.7%,2015
Frozen II,"$1,450,026,933","$477,373,578",32.9%,"$972,653,355",67.1%,2019
Avengers: Age of Ultron,"$1,402,809,540","$459,005,868",32.7%,"$943,803,672",67.3%,2015
Black Panther,"$1,347,597,973","$700,426,566",52%,"$647,171,407",48%,2018
Harry Potter and the Deathly Hallows: Part 2,"$1,342,321,665","$381,409,310",28.4%,"$960,912,355",71.6%,2011
Star Wars: Episode VIII - The Last Jedi,"$1,332,698,830","$620,181,382",46.5%,"$712,517,448",53.5%,2017
Jurassic World: Fallen Kingdom,"$1,310,466,296","$417,719,760",31.9%,"$892,746,536",68.1%,2018
Frozen,"$1,281,508,100","$400,953,009",31.3%,"$880,555,091",68.7%,2013
Beauty and the Beast,"$1,273,576,220","$504,481,165",39.6%,"$769,095,055",60.4%,2017
Incredibles 2,"$1,243,089,244","$608,581,744",49%,"$634,507,500",51%,2018
The Fate of the Furious,"$1,236,005,118","$226,008,385",18.3%,"$1,009,996,733",81.7%,2017
Iron Man 3,"$1,214,811,252","$409,013,994",33.7%,"$805,797,258",66.3%,2013
Minions,"$1,159,444,662","$336,045,770",29%,"$823,398,892",71%,2015
Captain America: Civil War,"$1,153,337,496","$408,084,349",35.4%,"$745,253,147",64.6%,2016
Aquaman,"$1,148,485,886","$335,061,807",29.2%,"$813,424,079",70.8%,2018
The Lord of the Rings: The Return of the King,"$1,146,030,912","$377,845,905",33%,"$768,185,007",67%,2003
Spider-Man: Far from Home,"$1,131,927,996","$390,532,085",34.5%,"$741,395,911",65.5%,2019
Captain Marvel,"$1,128,462,972","$426,829,839",37.8%,"$701,633,133",62.2%,2019
Transformers: Dark of the Moon,"$1,123,794,079","$352,390,543",31.4%,"$771,403,536",68.6%,2011
Skyfall,"$1,108,569,499","$304,360,277",27.5%,"$804,209,222",72.5%,2012
Transformers: Age of Extinction,"$1,104,054,072","$245,439,076",22.2%,"$858,614,996",77.8%,2014
The Dark Knight Rises,"$1,081,142,612","$448,139,099",41.4%,"$633,003,513",58.6%,2012
Joker,"$1,074,419,384","$335,451,311",31.2%,"$738,968,073",68.8%,2019
Star Wars: Episode IX - The Rise of Skywalker,"$1,074,149,279","$515,202,542",48%,"$558,946,737",52%,2019
Toy Story 4,"$1,073,394,593","$434,038,008",40.4%,"$639,356,585",59.6%,2019
Toy Story 3,"$1,066,970,811","$415,004,880",38.9%,"$651,965,931",61.1%,2010
Pirates of the Caribbean: Dead Man's Chest,"$1,066,179,747","$423,315,812",39.7%,"$642,863,935",60.3%,2006
The Lion King,"$1,063,611,805","$422,783,777",39.8%,"$640,828,028",60.2%,1994
Rogue One: A Star Wars Story,"$1,056,057,720","$532,177,324",50.4%,"$523,880,396",49.6%,2016
Aladdin,"$1,050,693,953","$355,559,216",33.8%,"$695,134,737",66.2%,2019
Pirates of the Caribbean: On Stranger Tides,"$1,045,713,802","$241,071,802",23%,"$804,642,000",77%,2011
Despicable Me 3,"$1,034,800,131","$264,624,300",25.6%,"$770,175,831",74.4%,2017
Jurassic Park,"$1,033,928,303","$404,214,720",39.1%,"$629,713,583",60.9%,1993
Finding Dory,"$1,028,570,942","$486,295,561",47.3%,"$542,275,381",52.7%,2016
Star Wars: Episode I - The Phantom Menace,"$1,027,082,707","$474,544,677",46.2%,"$552,538,030",53.8%,1999
Alice in Wonderland,"$1,025,468,216","$334,191,110",32.6%,"$691,277,106",67.4%,2010
Zootopia,"$1,024,121,104","$341,268,248",33.3%,"$682,852,856",66.7%,2016
The Hobbit: An Unexpected Journey,"$1,017,003,568","$303,003,568",29.8%,"$714,000,000",70.2%,2012
Harry Potter and the Sorcerer's Stone,"$1,012,484,430","$318,087,620",31.4%,"$694,396,810",68.6%,2001
The Dark Knight,"$1,005,973,645","$534,858,444",53.2%,"$471,115,201",46.8%,2008
Harry Potter and the Deathly Hallows: Part 1,"$977,043,483","$296,347,721",30.3%,"$680,695,762",69.7%,2010
Despicable Me 2,"$970,766,005","$368,065,385",37.9%,"$602,700,620",62.1%,2013
The Jungle Book,"$966,554,929","$364,001,123",37.7%,"$602,553,806",62.3%,2016
Jumanji: Welcome to the Jungle,"$962,542,945","$404,540,171",42%,"$558,002,774",58%,2017
The Hobbit: The Battle of the Five Armies,"$962,182,865","$255,119,788",26.5%,"$707,063,077",73.5%,2014
Pirates of the Caribbean: At World's End,"$960,996,492","$309,420,425",32.2%,"$651,576,067",67.8%,2007
The Hobbit: The Desolation of Smaug,"$959,007,513","$258,366,855",26.9%,"$700,640,658",73.1%,2013
The Lord of the Rings: The Two Towers,"$947,495,095","$342,551,365",36.2%,"$604,943,730",63.8%,2002
Harry Potter and the Order of the Phoenix,"$942,172,396","$292,353,413",31%,"$649,818,983",69%,2007
Finding Nemo,"$940,352,645","$380,843,261",40.5%,"$559,509,384",59.5%,2003
Harry Potter and the Half-Blood Prince,"$934,454,096","$302,305,431",32.4%,"$632,148,665",67.6%,2009
Shrek 2,"$928,760,770","$441,226,247",47.5%,"$487,534,523",52.5%,2004
Bohemian Rhapsody,"$911,100,727","$216,668,042",23.8%,"$694,432,685",76.2%,2018
The Lord of the Rings: The Fellowship of the Ring,"$897,690,072","$315,710,750",35.2%,"$581,979,322",64.8%,2001
Harry Potter and the Goblet of Fire,"$896,678,241","$290,417,905",32.4%,"$606,260,336",67.6%,2005
The Battle at Lake Changjin,"$895,756,302","$223,981",<0.1%,"$895,532,321",100%,2021
Spider-Man 3,"$894,983,373","$336,530,303",37.6%,"$558,453,070",62.4%,2007
Ice Age: Dawn of the Dinosaurs,"$886,686,817","$196,573,705",22.2%,"$690,113,112",77.8%,2009
Spectre,"$880,681,519","$200,074,609",22.7%,"$680,606,910",77.3%,2015
Spider-Man: Homecoming,"$880,166,924","$334,201,140",38%,"$545,965,784",62%,2017
Harry Potter and the Chamber of Secrets,"$879,602,366","$262,450,136",29.8%,"$617,152,230",70.2%,2002
Ice Age: Continental Drift,"$877,244,782","$161,321,843",18.4%,"$715,922,939",81.6%,2012
The Secret Life of Pets,"$875,458,631","$368,384,330",42.1%,"$507,074,301",57.9%,2016
Batman v Superman: Dawn of Justice,"$873,637,528","$330,360,194",37.8%,"$543,277,334",62.2%,2016
Wolf Warrior 2,"$870,325,439","$2,721,100",0.3%,"$867,604,339",99.7%,2017
Star Wars: Episode III - Revenge of the Sith,"$868,390,560","$380,270,577",43.8%,"$488,119,983",56.2%,2005
The Hunger Games: Catching Fire,"$865,011,746","$424,668,047",49.1%,"$440,343,699",50.9%,2013
Guardians of the Galaxy Vol. 2,"$863,756,051","$389,813,101",45.1%,"$473,942,950",54.9%,2017
Inside Out,"$858,848,019","$356,921,711",41.6%,"$501,926,308",58.4%,2015
Venom,"$856,085,151","$213,515,506",24.9%,"$642,569,645",75.1%,2018
Thor: Ragnarok,"$853,983,911","$315,058,289",36.9%,"$538,925,622",63.1%,2017
Inception,"$836,836,967","$292,576,195",35%,"$544,260,772",65%,2010
Transformers: Revenge of the Fallen,"$836,303,693","$402,111,870",48.1%,"$434,191,823",51.9%,2009
The Twilight Saga: Breaking Dawn - Part 2,"$829,747,654","$292,324,737",35.2%,"$537,422,917",64.8%,2012
Spider-Man,"$825,025,036","$407,022,860",49.3%,"$418,002,176",50.7%,2002
Wonder Woman,"$822,824,522","$412,815,408",50.2%,"$410,009,114",49.8%,2017
"Hi, Mom","$822,009,764",-,-,"$822,009,764",100%,2021
Independence Day,"$817,400,891","$306,169,268",37.5%,"$511,231,623",62.5%,1996
Fantastic Beasts and Where to Find Them,"$814,044,001","$234,037,575",28.8%,"$580,006,426",71.2%,2016
Shrek the Third,"$813,367,380","$322,719,944",39.7%,"$490,647,436",60.3%,2007
Coco,"$807,817,888","$210,460,015",26%,"$597,357,873",74%,2017
Jumanji: The Next Level,"$800,059,707","$320,314,960",40%,"$479,744,747",60%,2019
Harry Potter and the Prisoner of Azkaban,"$797,361,618","$249,975,996",31.4%,"$547,385,622",68.6%,2004
Pirates of the Caribbean: Dead Men Tell No Tales,"$794,881,442","$172,558,876",21.7%,"$622,322,566",78.3%,2017
E.T. the Extra-Terrestrial,"$792,910,554","$435,110,554",54.9%,"$357,800,000",45.1%,1982
Mission: Impossible - Fallout,"$791,657,398","$220,159,104",27.8%,"$571,498,294",72.2%,2018
2012,"$791,217,826","$166,112,167",21%,"$625,105,659",79%,2009
Indiana Jones and the Kingdom of the Crystal Skull,"$790,653,942","$317,101,119",40.1%,"$473,552,823",59.9%,2008
Spider-Man 2,"$788,976,453","$373,585,825",47.4%,"$415,390,628",52.6%,2004
Fast & Furious 6,"$788,680,968","$238,679,850",30.3%,"$550,001,118",69.7%,2013
Deadpool 2,"$785,896,609","$324,591,735",41.3%,"$461,304,874",58.7%,2018
Deadpool,"$782,836,791","$363,070,709",46.4%,"$419,766,082",53.6%,2016
Star Wars: Episode IV - A New Hope,"$775,398,007","$460,998,507",59.4%,"$314,399,500",40.6%,1977
Guardians of the Galaxy,"$773,350,147","$333,718,600",43.2%,"$439,631,547",56.8%,2014
The Da Vinci Code,"$760,006,945","$217,536,138",28.6%,"$542,470,807",71.4%,2006
Fast & Furious Presents: Hobbs & Shaw,"$759,056,935","$173,956,935",22.9%,"$585,100,000",77.1%,2019
Maleficent,"$758,411,779","$241,410,378",31.8%,"$517,001,401",68.2%,2014
The Amazing Spider-Man,"$757,930,663","$262,030,663",34.6%,"$495,900,000",65.4%,2012
No Time to Die,"$755,969,024","$158,081,024",20.9%,"$597,888,000",79.1%,2021
The Hunger Games: Mockingjay - Part 1,"$755,356,711","$337,135,885",44.6%,"$418,220,826",55.4%,2014
Shrek Forever After,"$752,600,867","$238,736,787",31.7%,"$513,864,080",68.3%,2010
Madagascar 3: Europe's Most Wanted,"$746,921,274","$216,391,482",29%,"$530,529,792",71%,2012
Suicide Squad,"$746,846,894","$325,100,054",43.5%,"$421,746,840",56.5%,2016
X-Men: Days of Future Past,"$746,045,700","$233,921,534",31.4%,"$512,124,166",68.6%,2014
"The Chronicles of Narnia: The Lion, the Witch and the Wardrobe","$745,013,115","$291,710,957",39.2%,"$453,302,158",60.8%,2005
Monsters University,"$743,559,645","$268,492,764",36.1%,"$475,066,881",63.9%,2013
The Matrix Reloaded,"$741,847,937","$281,576,461",38%,"$460,271,476",62%,2003
Up,"$735,099,102","$293,004,164",39.9%,"$442,094,938",60.1%,2009
Ne Zha,"$726,264,074","$3,695,533",0.5%,"$722,568,541",99.5%,2019
F9: The Fast Saga,"$726,229,501","$173,005,945",23.8%,"$553,223,556",76.2%,2021
Gravity,"$723,192,705","$274,092,705",37.9%,"$449,100,000",62.1%,2013
Captain America: The Winter Soldier,"$714,421,503","$259,766,572",36.4%,"$454,654,931",63.6%,2014
The Twilight Saga: Breaking Dawn - Part 1,"$712,205,856","$281,287,133",39.5%,"$430,918,723",60.5%,2011
The Twilight Saga: New Moon,"$711,025,481","$297,816,253",41.9%,"$413,209,228",58.1%,2009
Dawn of the Planet of the Apes,"$710,644,566","$208,545,589",29.4%,"$502,098,977",70.6%,2014
Transformers,"$709,709,780","$319,246,193",45%,"$390,463,587",55%,2007
The Amazing Spider-Man 2,"$708,982,323","$202,853,933",28.6%,"$506,128,390",71.4%,2014
It,"$701,796,444","$328,828,874",46.9%,"$372,967,570",53.1%,2017
Interstellar,"$701,729,206","$188,020,017",26.8%,"$513,709,189",73.2%,2014
The Wandering Earth,"$699,992,512","$5,971,413",0.8%,"$694,021,099",99.2%,2019
The Twilight Saga: Eclipse,"$698,491,347","$300,531,751",43%,"$397,959,596",57%,2010
Mission: Impossible - Ghost Protocol,"$694,713,380","$209,397,903",30.1%,"$485,315,477",69.9%,2011
The Hunger Games,"$694,394,724","$408,010,692",58.8%,"$286,384,032",41.2%,2012
Detective Chinatown 3,"$686,257,563",-,-,"$686,257,563",100%,2021
Mission: Impossible - Rogue Nation,"$682,716,636","$195,042,377",28.6%,"$487,674,259",71.4%,2015
Forrest Gump,"$678,226,133","$330,455,270",48.7%,"$347,770,863",51.3%,1994
Doctor Strange,"$677,796,076","$232,641,920",34.3%,"$445,154,156",65.7%,2016
The Sixth Sense,"$672,806,432","$293,506,292",43.6%,"$379,300,140",56.4%,1999
Man of Steel,"$668,045,518","$291,045,518",43.6%,"$377,000,000",56.4%,2013
Ice Age: The Meltdown,"$667,094,506","$195,330,621",29.3%,"$471,763,885",70.7%,2006
Kung Fu Panda 2,"$665,692,281","$165,249,063",24.8%,"$500,443,218",75.2%,2011
The Hunger Games: Mockingjay - Part 2,"$658,344,137","$281,723,902",42.8%,"$376,620,235",57.2%,2015
Justice League,"$657,926,987","$229,024,295",34.8%,"$428,902,692",65.2%,2017
Big Hero 6,"$657,869,686","$222,527,828",33.8%,"$435,341,858",66.2%,2014
Fantastic Beasts: The Crimes of Grindelwald,"$654,855,901","$159,555,901",24.4%,"$495,300,000",75.6%,2018
Pirates of the Caribbean: The Curse of the Black Pearl,"$654,264,015","$305,413,918",46.7%,"$348,850,097",53.3%,2003
Star Wars: Episode II - Attack of the Clones,"$653,779,970","$310,676,740",47.5%,"$343,103,230",52.5%,2002
Thor: The Dark World,"$644,783,140","$206,362,140",32%,"$438,421,000",68%,2013
Moana,"$644,136,488","$248,757,044",38.6%,"$395,379,444",61.4%,2016
Sing,"$634,208,384","$270,448,425",42.6%,"$363,759,959",57.4%,2016
Kung Fu Panda,"$631,746,197","$215,434,591",34.1%,"$416,311,606",65.9%,2008
The Incredibles,"$631,607,053","$261,441,092",41.4%,"$370,165,961",58.6%,2004
The Martian,"$630,162,448","$228,433,663",36.2%,"$401,728,785",63.8%,2015
Hancock,"$629,443,428","$227,946,274",36.2%,"$401,497,154",63.8%,2008
Fast Five,"$626,137,675","$209,837,675",33.5%,"$416,300,000",66.5%,2011
Men in Black 3,"$624,026,776","$179,020,854",28.7%,"$445,005,922",71.3%,2012
Iron Man 2,"$623,933,331","$312,433,331",50.1%,"$311,500,000",49.9%,2010
Ratatouille,"$623,726,085","$206,445,654",33.1%,"$417,280,431",66.9%,2007
Ant-Man and the Wasp,"$622,674,139","$216,648,740",34.8%,"$406,025,399",65.2%,2018
How to Train Your Dragon 2,"$621,537,519","$177,002,924",28.5%,"$444,534,595",71.5%,2014
Logan,"$619,179,950","$226,277,068",36.5%,"$392,902,882",63.5%,2017
The Lost World: Jurassic Park,"$618,638,999","$229,086,679",37%,"$389,552,320",63%,1997
Casino Royale,"$616,502,912","$167,445,960",27.2%,"$449,056,952",72.8%,2006
The Passion of the Christ,"$612,054,506","$370,782,930",60.6%,"$241,271,576",39.4%,2004
Mamma Mia!,"$611,257,819","$144,169,664",23.6%,"$467,088,155",76.4%,2008
Life of Pi,"$609,016,565","$124,987,023",20.5%,"$484,029,542",79.5%,2012
Transformers: The Last Knight,"$605,425,157","$130,168,683",21.5%,"$475,256,474",78.5%,2017
Madagascar: Escape 2 Africa,"$603,900,354","$180,010,950",29.8%,"$423,889,404",70.2%,2008
War of the Worlds,"$603,873,119","$234,280,354",38.8%,"$369,592,765",61.2%,2005
Tangled,"$592,462,816","$200,821,936",33.9%,"$391,640,880",66.1%,2010
Quantum of Solace,"$589,580,482","$168,368,427",28.6%,"$421,212,055",71.4%,2008
Men in Black,"$589,390,539","$250,690,539",42.5%,"$338,700,000",57.5%,1997
The Croods,"$587,235,983","$187,168,425",31.9%,"$400,067,558",68.1%,2013
The Hangover Part II,"$586,764,305","$254,464,305",43.4%,"$332,300,000",56.6%,2011
Iron Man,"$585,796,247","$319,034,126",54.5%,"$266,762,121",45.5%,2008
I Am Legend,"$585,410,052","$256,393,010",43.8%,"$329,017,042",56.2%,2007
Ready Player One,"$582,893,671","$137,690,172",23.6%,"$445,203,499",76.4%,2018
"Monsters, Inc.","$579,707,738","$290,642,256",50.1%,"$289,065,482",49.9%,2001
Operation Red Sea,"$579,330,426","$1,543,547",0.3%,"$577,786,879",99.7%,2018
Night at the Museum,"$574,481,229","$250,863,268",43.7%,"$323,617,961",56.3%,2006
Fifty Shades of Grey,"$569,651,467","$166,167,230",29.2%,"$403,484,237",70.8%,2015
Kong: Skull Island,"$566,652,812","$168,052,812",29.7%,"$398,600,000",70.3%,2017
The Smurfs,"$563,749,323","$142,614,158",25.3%,"$421,135,165",74.7%,2011
Cars 2,"$559,852,396","$191,452,396",34.2%,"$368,400,000",65.8%,2011
King Kong,"$556,906,378","$218,080,025",39.2%,"$338,826,353",60.8%,2005
Puss in Boots,"$554,987,477","$149,260,504",26.9%,"$405,726,973",73.1%,2011
The Mermaid,"$553,810,228","$3,232,685",0.6%,"$550,577,543",99.4%,2016
Armageddon,"$553,709,788","$201,578,182",36.4%,"$352,131,606",63.6%,1998
The Day After Tomorrow,"$552,639,571","$186,740,799",33.8%,"$365,898,772",66.2%,2004
Ted,"$549,368,315","$218,815,487",39.8%,"$330,552,828",60.2%,2012
American Sniper,"$547,426,372","$350,126,372",64%,"$197,300,000",36%,2014
Mission: Impossible II,"$546,388,108","$215,409,889",39.4%,"$330,978,219",60.6%,2000
Detective Chinatown 2,"$544,185,156","$1,983,984",0.4%,"$542,201,172",99.6%,2018
X-Men: Apocalypse,"$543,934,105","$155,442,489",28.6%,"$388,491,616",71.4%,2016
Sherlock Holmes: A Game of Shadows,"$543,848,418","$186,848,418",34.4%,"$357,000,000",65.6%,2011
Despicable Me,"$543,113,985","$251,513,985",46.3%,"$291,600,000",53.7%,2010
Cinderella,"$542,358,331","$201,151,353",37.1%,"$341,206,978",62.9%,2015
Madagascar,"$542,063,846","$193,595,521",35.7%,"$348,468,325",64.3%,2005
World War Z,"$540,455,876","$202,807,711",37.5%,"$337,648,165",62.5%,2013
Brave,"$538,983,207","$237,283,207",44%,"$301,700,000",56%,2012
Star Wars: Episode V - The Empire Strikes Back,"$538,375,067","$292,753,960",54.4%,"$245,621,107",45.6%,1980
The Simpsons Movie,"$536,414,293","$183,135,014",34.1%,"$353,279,279",65.9%,2007
The Revenant,"$532,950,503","$183,637,894",34.5%,"$349,312,609",65.5%,2015
The Meg,"$530,438,278","$145,443,742",27.4%,"$384,994,536",72.6%,2018
Ralph Breaks the Internet,"$529,323,962","$201,091,711",38%,"$328,232,251",62%,2018
Hotel Transylvania 3: Summer Vacation,"$528,583,774","$167,510,016",31.7%,"$361,073,758",68.3%,2018
The Boss Baby,"$527,965,936","$175,003,033",33.2%,"$352,962,903",66.8%,2017
Dunkirk,"$527,016,307","$189,740,665",36%,"$337,275,642",64%,2017
Godzilla,"$524,976,069","$200,676,069",38.2%,"$324,300,000",61.8%,2014
How to Train Your Dragon: The Hidden World,"$524,389,083","$160,799,505",30.7%,"$363,589,578",69.3%,2019
Sherlock Holmes,"$524,028,679","$209,028,679",39.9%,"$315,000,000",60.1%,2009
Meet the Fockers,"$522,657,936","$279,261,160",53.4%,"$243,396,776",46.6%,2004
WALL·E,"$521,311,890","$223,808,164",42.9%,"$297,503,726",57.1%,2008
Kung Fu Panda 3,"$521,170,825","$143,528,619",27.5%,"$377,642,206",72.5%,2016
Terminator 2: Judgment Day,"$520,881,154","$205,881,154",39.5%,"$315,000,000",60.5%,1991
Ant-Man,"$519,311,965","$180,202,163",34.7%,"$339,109,802",65.3%,2015
The Grinch,"$512,599,116","$271,094,731",52.9%,"$241,504,385",47.1%,2018
Ghost,"$505,703,557","$217,631,306",43%,"$288,072,251",57%,1990
Aladdin,"$504,050,219","$217,350,219",43.1%,"$286,700,000",56.9%,1992
Rio 2,"$498,781,117","$131,538,435",26.4%,"$367,242,682",73.6%,2014
Troy,"$497,409,852","$133,378,256",26.8%,"$364,031,596",73.2%,2004
Toy Story 2,"$497,375,381","$245,852,179",49.4%,"$251,523,202",50.6%,1999
How to Train Your Dragon,"$494,879,471","$217,581,231",44%,"$277,298,240",56%,2010
Twister,"$494,471,524","$241,721,524",48.9%,"$252,750,000",51.1%,1996
Oz the Great and Powerful,"$493,311,825","$234,911,825",47.6%,"$258,400,000",52.4%,2013
Clash of the Titans,"$493,214,993","$163,214,888",33.1%,"$330,000,105",66.9%,2010
Maleficent: Mistress of Evil,"$491,730,089","$113,929,605",23.2%,"$377,800,484",76.8%,2019
War for the Planet of the Apes,"$490,719,763","$146,880,162",29.9%,"$343,839,601",70.1%,2017
Shrek,"$487,853,320","$267,665,011",54.9%,"$220,188,309",45.1%,2001
Mr. & Mrs. Smith,"$487,287,646","$186,336,279",38.2%,"$300,951,367",61.8%,2005
Angels & Demons,"$485,930,816","$133,375,846",27.4%,"$352,554,970",72.6%,2009
Teenage Mutant Ninja Turtles,"$485,004,754","$191,204,754",39.4%,"$293,800,000",60.6%,2014
Bruce Almighty,"$484,592,874","$242,829,261",50.1%,"$241,763,613",49.9%,2003
Rio,"$483,866,518","$143,619,809",29.7%,"$340,246,709",70.3%,2011
Saving Private Ryan,"$482,349,603","$217,049,603",45%,"$265,300,000",55%,1998
Rise of the Planet of the Apes,"$481,800,873","$176,760,185",36.7%,"$305,040,688",63.3%,2011
Home Alone,"$476,684,675","$285,761,243",60%,"$190,923,432",40%,1990
Hotel Transylvania 2,"$475,186,706","$169,700,110",35.7%,"$305,486,596",64.3%,2015
Star Wars: Episode VI - Return of the Jedi,"$475,106,177","$309,306,177",65.1%,"$165,800,000",34.9%,1983
Charlie and the Chocolate Factory,"$474,968,763","$206,459,076",43.5%,"$268,509,687",56.5%,2005
Indiana Jones and the Last Crusade,"$474,171,806","$197,171,806",41.6%,"$277,000,000",58.4%,1989
San Andreas,"$474,009,154","$155,190,832",32.7%,"$318,818,322",67.3%,2015
It Chapter Two,"$473,093,228","$211,593,228",44.7%,"$261,500,000",55.3%,2019
Jaws,"$471,411,300","$260,758,300",55.3%,"$210,653,000",44.7%,1975
Wreck-It Ralph,"$471,222,889","$189,422,889",40.2%,"$281,800,000",59.8%,2012
Venom: Let There Be Carnage,"$469,618,406","$209,518,406",44.6%,"$260,100,000",55.4%,2021
The Hangover,"$469,310,836","$277,322,503",59.1%,"$191,988,333",40.9%,2009
The Lego Movie,"$468,060,692","$257,760,692",55.1%,"$210,300,000",44.9%,2014
Bumblebee,"$467,989,645","$127,195,589",27.2%,"$340,794,056",72.8%,2018
Godzilla vs. Kong,"$467,863,133","$100,563,133",21.5%,"$367,300,000",78.5%,2021
Star Trek Into Darkness,"$467,365,246","$228,778,661",49%,"$238,586,585",51%,2013
The Matrix,"$466,364,845","$171,479,930",36.8%,"$294,884,915",63.2%,1999
Gladiator,"$465,380,802","$187,705,427",40.3%,"$277,675,375",59.7%,2000
Pretty Woman,"$463,406,268","$178,406,268",38.5%,"$285,000,000",61.5%,1990
Cars,"$461,991,867","$244,082,982",52.8%,"$217,908,885",47.2%,2006
The Eight Hundred,"$461,421,559","$372,755",<0.1%,"$461,048,804",99.9%,2020
X-Men: The Last Stand,"$460,435,291","$234,362,462",50.9%,"$226,072,829",49.1%,2006
National Treasure: Book of Secrets,"$459,242,249","$219,964,115",47.9%,"$239,278,134",52.1%,2007
Lucy,"$458,863,600","$126,663,600",27.6%,"$332,200,000",72.4%,2014
Mission: Impossible,"$457,696,391","$180,981,856",39.5%,"$276,714,535",60.5%,1996
300,"$456,068,181","$210,614,939",46.2%,"$245,453,242",53.8%,2007
The Last Samurai,"$454,627,263","$111,127,263",24.4%,"$343,500,000",75.6%,2003
Demon Slayer: Mugen Train,"$452,974,619","$47,700,000",10.5%,"$405,274,619",89.5%,2020
Dying to Survive,"$451,183,391","$6,752",-,"$451,176,639",100%,2018
Ocean's Eleven,"$450,717,150","$183,417,150",40.7%,"$267,300,000",59.3%,2001
"My People, My Country","$450,064,993","$2,356,683",0.5%,"$447,708,310",99.5%,2019
Thor,"$449,326,618","$181,030,624",40.3%,"$268,295,994",59.7%,2011
Pearl Harbor,"$449,220,945","$198,542,554",44.2%,"$250,678,391",55.8%,2001
La La Land,"$448,906,865","$151,101,803",33.7%,"$297,805,062",66.3%,2016
Tarzan,"$448,191,819","$171,091,819",38.2%,"$277,100,000",61.8%,1999
Men in Black II,"$445,135,288","$193,735,288",43.5%,"$251,400,000",56.5%,2002
The Bourne Ultimatum,"$444,100,035","$227,471,070",51.2%,"$216,628,965",48.8%,2007
The Mummy Returns,"$443,280,904","$202,019,785",45.6%,"$241,261,119",54.4%,2001
Alvin and the Chipmunks: The Squeakquel,"$443,140,005","$219,614,612",49.6%,"$223,525,393",50.4%,2009
Les Misérables,"$442,299,309","$148,809,770",33.6%,"$293,489,539",66.4%,2012
The Exorcist,"$441,306,145","$232,906,145",52.8%,"$208,400,000",47.2%,1973
Mrs. Doubtfire,"$441,286,195","$219,195,243",49.7%,"$222,090,952",50.3%,1993
Terminator Genisys,"$440,603,537","$89,760,956",20.4%,"$350,842,581",79.6%,2015
Warcraft,"$439,048,914","$47,365,290",10.8%,"$391,683,624",89.2%,2016
The Greatest Showman,"$436,949,634","$174,340,174",39.9%,"$262,609,460",60.1%,2017
A Star Is Born,"$436,188,866","$215,288,866",49.4%,"$220,900,000",50.6%,2018
Pokémon Detective Pikachu,"$433,514,834","$144,105,346",33.2%,"$289,409,488",66.8%,2019
Terminator 3: Rise of the Machines,"$433,371,112","$150,371,112",34.7%,"$283,000,000",65.3%,2003
Die Another Day,"$431,971,116","$160,942,139",37.3%,"$271,028,977",62.7%,2002
Shang-Chi and the Legend of the Ten Rings,"$431,647,752","$224,537,817",52%,"$207,109,935",48%,2021
The Secret Life of Pets 2,"$430,051,293","$158,874,395",36.9%,"$271,176,898",63.1%,2019
Cast Away,"$429,632,142","$233,632,142",54.4%,"$196,000,000",45.6%,2000
Rampage,"$428,028,233","$101,028,233",23.6%,"$327,000,000",76.4%,2018
The King's Speech,"$427,374,317","$138,797,449",32.5%,"$288,576,868",67.5%,2010
The Matrix Revolutions,"$427,344,325","$139,313,948",32.6%,"$288,030,377",67.4%,2003
The Intouchables,"$426,588,510","$10,198,820",2.4%,"$416,389,690",97.6%,2011
Bad Boys for Life,"$426,505,244","$206,305,244",48.4%,"$220,200,000",51.6%,2020
Django Unchained,"$426,074,373","$162,805,434",38.2%,"$263,268,939",61.8%,2012
Beauty and the Beast,"$424,967,620","$218,967,620",51.5%,"$206,000,000",48.5%,1991
Dances with Wolves,"$424,208,848","$184,208,848",43.4%,"$240,000,000",56.6%,1990
"My People, My Homeland","$422,390,820",-,-,"$422,390,820",100%,2020
The Chronicles of Narnia: Prince Caspian,"$419,665,568","$141,621,490",33.8%,"$278,044,078",66.2%,2008
Sex and the City,"$418,765,519","$152,647,258",36.4%,"$266,118,261",63.6%,2008
The Captain,"$417,282,021","$706,572",0.2%,"$416,575,449",99.8%,2019
The Mummy,"$415,933,406","$155,385,488",37.4%,"$260,547,918",62.6%,1999
The Chronicles of Narnia: The Voyage of the Dawn Treader,"$415,686,217","$104,386,950",25.1%,"$311,299,267",74.9%,2010
Jason Bourne,"$415,484,914","$162,434,410",39.1%,"$253,050,504",60.9%,2016
The Wolverine,"$414,828,246","$132,556,852",32%,"$282,271,394",68%,2013
Kingsman: The Secret Service,"$414,351,546","$128,261,724",31%,"$286,089,822",69%,2015
Night at the Museum: Battle of the Smithsonian,"$413,106,170","$177,243,721",42.9%,"$235,862,449",57.1%,2009
Batman,"$411,508,343","$251,348,343",61.1%,"$160,160,000",38.9%,1989
The Bodyguard,"$411,006,740","$122,006,740",29.7%,"$289,000,000",70.3%,1992
Pacific Rim,"$411,002,906","$101,802,906",24.8%,"$309,200,000",75.2%,2013
Kingsman: The Golden Circle,"$410,902,662","$100,234,838",24.4%,"$310,667,824",75.6%,2017
The Mummy,"$409,231,607","$80,227,895",19.6%,"$329,003,712",80.4%,2017
Ice Age: Collision Course,"$408,754,975","$64,063,008",15.7%,"$344,691,967",84.3%,2016
Twilight,"$408,430,415","$193,962,473",47.5%,"$214,467,942",52.5%,2008
Signs,"$408,247,917","$227,966,634",55.8%,"$180,281,283",44.2%,2002
X2: X-Men United,"$407,711,549","$214,949,694",52.7%,"$192,761,855",47.3%,2003
Alita: Battle Angel,"$404,980,543","$85,838,210",21.2%,"$319,142,333",78.8%,2019
The Mummy: Tomb of the Dragon Emperor,"$403,449,830","$102,491,776",25.4%,"$300,958,054",74.6%,2008
Prometheus,"$403,354,469","$126,477,084",31.4%,"$276,877,385",68.6%,2012
Gone with the Wind,"$402,352,579","$200,852,579",49.9%,"$201,500,000",50.1%,1939
Mamma Mia! Here We Go Again,"$402,254,384","$120,634,935",30%,"$281,619,449",70%,2018
TRON: Legacy,"$400,063,852","$172,062,763",43%,"$228,001,089",57%,2010
Mission: Impossible III,"$398,479,497","$134,029,801",33.6%,"$264,449,696",66.4%,2006
Snow White and the Huntsman,"$396,592,829","$155,332,381",39.2%,"$241,260,448",60.8%,2012
Grease,"$396,271,103","$190,071,103",48%,"$206,200,000",52%,1978
Toy Story,"$394,436,586","$223,225,679",56.6%,"$171,210,907",43.4%,1995
Solo: A Star Wars Story,"$392,924,807","$213,767,512",54.4%,"$179,157,295",45.6%,2018
The Wolf of Wall Street,"$392,000,694","$116,900,694",29.8%,"$275,100,000",70.2%,2013
Superman Returns,"$391,081,192","$200,081,192",51.2%,"$191,000,000",48.8%,2006
Robin Hood: Prince of Thieves,"$390,493,908","$165,493,908",42.4%,"$225,000,000",57.6%,1991
Indiana Jones and the Raiders of the Lost Ark,"$389,925,971","$248,159,971",63.6%,"$141,766,000",36.4%,1981
Independence Day: Resurgence,"$389,681,935","$103,144,286",26.5%,"$286,537,649",73.5%,2016
Live Free or Die Hard,"$388,156,011","$134,529,403",34.7%,"$253,626,608",65.3%,2007
Monster Hunt,"$387,053,506","$32,766",<0.1%,"$387,020,740",100%,2015
Godzilla: King of the Monsters,"$386,600,138","$110,500,138",28.6%,"$276,100,000",71.4%,2019
Home,"$386,041,607","$177,397,510",46%,"$208,644,097",54%,2015
Star Trek,"$385,680,446","$257,730,019",66.8%,"$127,950,427",33.2%,2009
1917,"$384,929,181","$159,227,644",41.4%,"$225,701,537",58.6%,2019
Happy Feet,"$384,336,108","$198,000,317",51.5%,"$186,335,791",48.5%,2006
Cars 3,"$383,930,656","$152,901,115",39.8%,"$231,029,541",60.2%,2017
Ice Age,"$383,257,136","$176,387,405",46%,"$206,869,731",54%,2002
Back to the Future,"$381,906,762","$211,406,762",55.4%,"$170,500,000",44.6%,1985
Fifty Shades Darker,"$381,545,846","$114,581,250",30%,"$266,964,596",70%,2017
Monsters vs. Aliens,"$381,509,870","$198,351,526",52%,"$183,158,344",48%,2009
Black Widow,"$379,631,351","$183,651,655",48.4%,"$195,979,696",51.6%,2021
Godzilla,"$379,014,294","$136,314,294",36%,"$242,700,000",64%,1998
True Lies,"$378,882,411","$146,282,411",38.6%,"$232,600,000",61.4%,1994
Slumdog Millionaire,"$378,410,542","$141,319,928",37.4%,"$237,090,614",62.6%,2008
Taken 2,"$376,152,455","$139,854,287",37.2%,"$236,298,168",62.8%,2012
G.I. Joe: Retaliation,"$375,740,705","$122,523,060",32.6%,"$253,217,645",67.4%,2013
Mad Max: Fury Road,"$375,658,750","$154,058,340",41%,"$221,600,410",59%,2015
Spider-Man: Into the Spider-Verse,"$375,540,831","$190,241,310",50.7%,"$185,299,521",49.3%,2018
Shark Tale,"$374,583,879","$160,861,908",42.9%,"$213,721,971",57.1%,2004
Once Upon a Time... In Hollywood,"$374,565,754","$142,502,728",38%,"$232,063,026",62%,2019
What Women Want,"$374,111,707","$182,811,707",48.9%,"$191,300,000",51.1%,2000
The Adventures of Tintin,"$373,993,951","$77,591,831",20.8%,"$296,402,120",79.2%,2011
Batman Begins,"$373,661,946","$206,852,432",55.4%,"$166,809,514",44.6%,2005
Dune,"$373,652,085","$102,152,085",27.3%,"$271,500,000",72.7%,2021
Penguins of Madagascar,"$373,515,621","$83,850,911",22.4%,"$289,664,710",77.6%,2014
X-Men Origins: Wolverine,"$373,062,864","$179,883,157",48.2%,"$193,179,707",51.8%,2009
The Golden Compass,"$372,234,864","$70,107,728",18.8%,"$302,127,136",81.2%,2007
Fifty Shades Freed,"$371,987,838","$100,407,760",27%,"$271,580,078",73%,2018
Hitch,"$371,594,210","$179,495,555",48.3%,"$192,098,655",51.7%,2005
Terminator Salvation,"$371,353,001","$125,322,469",33.8%,"$246,030,532",66.2%,2009
Captain America: The First Avenger,"$370,569,774","$176,654,505",47.7%,"$193,915,269",52.3%,2011
Edge of Tomorrow,"$370,541,256","$100,206,256",27%,"$270,335,000",73%,2014
There's Something About Mary,"$369,884,651","$176,484,651",47.7%,"$193,400,000",52.3%,1998
Gone Girl,"$369,330,363","$167,767,189",45.4%,"$201,563,174",54.6%,2014
The Fugitive,"$368,875,760","$183,875,760",49.8%,"$185,000,000",50.2%,1993
Jurassic Park III,"$368,780,809","$181,171,875",49.1%,"$187,608,934",50.9%,2001
My Big Fat Greek Wedding,"$368,744,044","$241,438,208",65.5%,"$127,305,836",34.5%,2002
Eternals,"$368,536,150","$150,736,150",40.9%,"$217,800,000",59.1%,2021
Hello Mr. Billionaire,"$366,961,907",-,-,"$366,961,907",100%,2018
Die Hard with a Vengeance,"$366,101,666","$100,012,499",27.3%,"$266,089,167",72.7%,1995
Shazam!,"$365,971,656","$140,371,656",38.4%,"$225,600,000",61.6%,2019
The Nun,"$365,551,694","$117,450,119",32.1%,"$248,101,575",67.9%,2018
Alvin and the Chipmunks,"$365,352,546","$217,326,974",59.5%,"$148,025,572",40.5%,2007
Notting Hill,"$363,889,678","$116,089,678",31.9%,"$247,800,000",68.1%,1999
Tenet,"$363,656,624","$58,456,624",16.1%,"$305,200,000",83.9%,2020
A Bug's Life,"$363,258,859","$162,798,565",44.8%,"$200,460,294",55.2%,1998
Night at the Museum: Secret of the Tomb,"$363,204,635","$113,746,621",31.3%,"$249,458,014",68.7%,2014
Ocean's Twelve,"$362,744,280","$125,544,280",34.6%,"$237,200,000",65.4%,2004
Planet of the Apes,"$362,211,740","$180,011,740",49.7%,"$182,200,000",50.3%,2001
The Hangover Part III,"$362,000,072","$112,200,072",31%,"$249,800,000",69%,2013
The World Is Not Enough,"$361,832,400","$126,943,684",35.1%,"$234,888,716",64.9%,1999
Monster Hunt 2,"$361,682,618","$706,153",0.2%,"$360,976,465",99.8%,2018
Fast & Furious,"$360,366,870","$155,064,265",43%,"$205,302,605",57%,2009
Noah,"$359,200,044","$101,200,044",28.2%,"$258,000,000",71.8%,2014
The Karate Kid,"$359,126,022","$176,591,618",49.2%,"$182,534,404",50.8%,2010
Home Alone 2: Lost in New York,"$358,994,850","$173,585,516",48.4%,"$185,409,334",51.6%,1992
Hotel Transylvania,"$358,375,603","$148,313,048",41.4%,"$210,062,555",58.6%,2012
Minority Report,"$358,372,926","$132,072,926",36.8%,"$226,300,000",63.2%,2002
Your Name.,"$358,180,115","$5,017,246",1.4%,"$353,162,869",98.6%,2016
Top Gun,"$357,288,178","$180,258,178",50.4%,"$177,030,000",49.6%,1986
The Legend of Tarzan,"$356,700,357","$126,643,061",35.5%,"$230,057,296",64.5%,2016
American Beauty,"$356,296,601","$130,096,601",36.5%,"$226,200,000",63.5%,1999
Spirited Away,"$355,705,804","$13,750,644",3.9%,"$341,955,160",96.1%,2001
Apollo 13,"$355,237,933","$173,837,933",48.9%,"$181,400,000",51.1%,1995
Rain Man,"$354,825,435","$172,825,435",48.7%,"$182,000,000",51.3%,1988
The Great Gatsby,"$353,642,274","$144,840,419",41%,"$208,801,855",59%,2013
Dumbo,"$353,284,621","$114,766,307",32.5%,"$238,518,314",67.5%,2019
"I, Robot","$353,133,898","$144,801,023",41%,"$208,332,875",59%,2004
Basic Instinct,"$352,927,224","$117,727,224",33.4%,"$235,200,000",66.6%,1992
Murder on the Orient Express,"$352,794,081","$102,826,543",29.2%,"$249,967,538",70.8%,2017
X-Men: First Class,"$352,616,690","$146,408,305",41.5%,"$206,208,385",58.5%,2011
The Angry Birds Movie,"$352,333,929","$107,509,366",30.5%,"$244,824,563",69.5%,2016
GoldenEye,"$352,194,034","$106,429,941",30.2%,"$245,764,093",69.8%,1995
Catch Me If You Can,"$352,114,312","$164,615,351",46.8%,"$187,498,961",53.2%,2002
Now You See Me,"$351,723,989","$117,723,989",33.5%,"$234,000,000",66.5%,2013
Hannibal,"$351,692,268","$165,092,268",46.9%,"$186,600,000",53.1%,2001
The Mask,"$351,583,407","$119,938,730",34.1%,"$231,644,677",65.9%,1994
Peter Rabbit,"$351,496,066","$115,253,424",32.8%,"$236,242,642",67.2%,2018
Speed,"$350,448,145","$121,248,145",34.6%,"$229,200,000",65.4%,1994
Dinosaur,"$349,822,765","$137,748,063",39.4%,"$212,074,702",60.6%,2000
Mary Poppins Returns,"$349,546,142","$171,958,438",49.2%,"$177,587,704",50.8%,2018
Deep Impact,"$349,464,664","$140,464,664",40.2%,"$209,000,000",59.8%,1998
The Lorax,"$348,840,316","$214,030,500",61.4%,"$134,809,816",38.6%,2012
The Maze Runner,"$348,319,861","$102,427,862",29.4%,"$245,891,999",70.6%,2014
The Smurfs 2,"$347,545,360","$71,017,784",20.4%,"$276,527,576",79.6%,2013
National Treasure,"$347,512,318","$173,008,894",49.8%,"$174,503,424",50.2%,2004
Rush Hour 2,"$347,325,802","$226,164,286",65.1%,"$121,161,516",34.9%,2001
Trolls,"$346,864,886","$153,707,064",44.3%,"$193,157,822",55.7%,2016
xXx: Return of Xander Cage,"$346,118,277","$44,898,413",13%,"$301,219,864",87%,2017
Pocahontas,"$346,079,773","$141,579,773",40.9%,"$204,500,000",59.1%,1995
How the Grinch Stole Christmas,"$345,573,032","$260,465,005",75.4%,"$85,108,027",24.6%,2000
Star Trek Beyond,"$343,471,816","$158,848,340",46.2%,"$184,623,476",53.8%,2016
Alvin and the Chipmunks: Chipwrecked,"$342,695,435","$133,110,742",38.8%,"$209,584,693",61.2%,2011
Wanted,"$342,463,063","$134,508,551",39.3%,"$207,954,512",60.7%,2008
The Flintstones,"$341,631,208","$130,531,208",38.2%,"$211,100,000",61.8%,1994
A Quiet Place,"$340,952,971","$188,024,361",55.2%,"$152,928,610",44.8%,2018
Enchanted,"$340,487,836","$127,807,262",37.5%,"$212,680,574",62.5%,2007
Over the Hedge,"$339,795,890","$155,019,340",45.6%,"$184,776,550",54.4%,2006
300: Rise of an Empire,"$337,580,051","$106,580,051",31.6%,"$231,000,000",68.4%,2014
Batman Forever,"$336,567,158","$184,069,126",54.7%,"$152,498,032",45.3%,1995
Prince of Persia: The Sands of Time,"$336,365,676","$90,759,676",27%,"$245,606,000",73%,2009
The Curious Case of Benjamin Button,"$335,802,786","$127,509,326",38%,"$208,293,460",62%,2008
Journey 2: The Mysterious Island,"$335,260,290","$103,860,290",31%,"$231,400,000",69%,2012
The Rock,"$335,062,621","$134,069,511",40%,"$200,993,110",60%,1996
The Great Wall,"$334,933,831","$45,540,830",13.6%,"$289,393,001",86.4%,2016
Now You See Me 2,"$334,897,606","$65,075,540",19.4%,"$269,822,066",80.6%,2016
Never Say Die,"$334,530,869",-,-,"$334,530,869",100%,2017
Fantastic Four,"$333,535,934","$154,696,080",46.4%,"$178,839,854",53.6%,2005
Indiana Jones and the Temple of Doom,"$333,107,271","$179,870,271",54%,"$153,237,000",46%,1984
Tomorrow Never Dies,"$333,011,068","$125,304,276",37.6%,"$207,706,792",62.4%,1997
Back to the Future Part II,"$332,500,002","$119,000,002",35.8%,"$213,500,000",64.2%,1989
The Good Dinosaur,"$332,207,671","$123,087,120",37%,"$209,120,551",63%,2015
Free Guy,"$331,481,002","$121,623,717",36.7%,"$209,857,285",63.3%,2021
22 Jump Street,"$331,333,876","$191,719,337",57.9%,"$139,614,539",42.1%,2014
Meet the Parents,"$330,444,045","$166,244,045",50.3%,"$164,200,000",49.7%,2000
Who Framed Roger Rabbit,"$329,803,958","$156,452,370",47.4%,"$173,351,588",52.6%,1988
Black Swan,"$329,398,046","$106,954,678",32.5%,"$222,443,368",67.5%,2010
The Perfect Storm,"$328,718,434","$182,618,434",55.6%,"$146,100,000",44.4%,2000
Crocodile Dundee,"$328,203,506","$174,803,506",53.3%,"$153,400,000",46.7%,1986
Crazy Alien,"$327,598,891",-,-,"$327,598,891",100%,2019
Se7en,"$327,333,559","$100,125,643",30.6%,"$227,207,916",69.4%,1995
John Wick: Chapter 3 - Parabellum,"$327,281,779","$171,015,687",52.2%,"$156,266,092",47.8%,2019
The Devil Wears Prada,"$326,706,115","$124,740,460",38.2%,"$201,965,655",61.8%,2006
Taken 3,"$326,479,141","$89,256,424",27.3%,"$237,222,717",72.7%,2015
The Hunchback of Notre Dame,"$325,338,851","$100,138,851",30.8%,"$225,200,000",69.2%,1996
A Christmas Carol,"$325,286,646","$137,855,863",42.4%,"$187,430,783",57.6%,2009
The SpongeBob Movie: Sponge Out of Water,"$325,186,032","$162,994,032",50.1%,"$162,192,000",49.9%,2015
Schindler's List,"$322,161,245","$96,898,818",30.1%,"$225,262,427",69.9%,1993
Megamind,"$321,885,765","$148,415,853",46.1%,"$173,469,912",53.9%,2010
The Conjuring 2,"$321,788,219","$102,470,008",31.8%,"$219,318,211",68.2%,2016
Green Book,"$321,752,656","$85,080,171",26.4%,"$236,672,485",73.6%,2018
Lethal Weapon 3,"$321,731,527","$144,731,527",45%,"$177,000,000",55%,1992
The Ugly Truth,"$321,682,600","$88,915,214",27.6%,"$232,767,386",72.4%,2009
Robin Hood,"$321,669,741","$105,269,730",32.7%,"$216,400,011",67.3%,2010
Inglourious Basterds,"$321,457,747","$120,540,719",37.5%,"$200,917,028",62.5%,2009
101 Dalmatians,"$320,689,294","$136,189,294",42.5%,"$184,500,000",57.5%,1996
The Conjuring,"$320,290,989","$137,400,141",42.9%,"$182,890,848",57.1%,2013
Fatal Attraction,"$320,145,693","$156,645,693",48.9%,"$163,500,000",51.1%,1987
Sonic the Hedgehog,"$319,715,683","$148,974,665",46.6%,"$170,741,018",53.4%,2020
The Last Airbender,"$319,713,881","$131,772,187",41.2%,"$187,941,694",58.8%,2010
The Proposal,"$317,375,031","$163,958,031",51.7%,"$153,417,000",48.3%,2009
A Beautiful Mind,"$316,791,257","$170,742,341",53.9%,"$146,048,916",46.1%,2001
Beverly Hills Cop,"$316,360,478","$234,760,478",74.2%,"$81,600,000",25.8%,1984
Air Force One,"$315,156,409","$172,956,409",54.9%,"$142,200,000",45.1%,1997
The Expendables 2,"$314,975,955","$85,028,192",27%,"$229,947,763",73%,2012
Chicken Little,"$314,432,837","$135,386,665",43.1%,"$179,046,172",56.9%,2005
The Polar Express,"$314,215,454","$187,935,490",59.8%,"$126,279,964",40.2%,2004
As Good as It Gets,"$314,178,011","$148,478,011",47.3%,"$165,700,000",52.7%,1997
Maze Runner: The Scorch Trials,"$312,296,056","$81,697,192",26.2%,"$230,598,864",73.8%,2015
Resident Evil: The Final Chapter,"$312,242,626","$26,830,068",8.6%,"$285,412,558",91.4%,2016
Austin Powers: The Spy Who Shagged Me,"$312,016,928","$206,040,086",66%,"$105,976,842",34%,1999
The Lego Batman Movie,"$311,950,384","$175,750,384",56.3%,"$136,200,000",43.7%,2017
Knives Out,"$311,605,581","$165,363,234",53.1%,"$146,242,347",46.9%,2019
Ocean's Thirteen,"$311,312,624","$117,154,724",37.6%,"$194,157,900",62.4%,2007
Little Fockers,"$310,650,585","$148,438,600",47.8%,"$162,211,985",52.2%,2010
Bolt,"$309,979,994","$114,053,579",36.8%,"$195,926,415",63.2%,2008
Ransom,"$309,492,681","$136,492,681",44.1%,"$173,000,000",55.9%,1996
Runaway Bride,"$309,460,292","$152,257,509",49.2%,"$157,202,783",50.8%,1999
The Blind Side,"$309,208,309","$255,959,475",82.8%,"$53,248,834",17.2%,2009
The Ex-File 3: The Return of The Exes,"$307,592,427","$838,959",0.3%,"$306,753,468",99.7%,2017
The Fault in Our Stars,"$307,166,834","$124,872,350",40.6%,"$182,294,484",59.4%,2014
The Pursuit of Happyness,"$307,127,625","$163,566,459",53.3%,"$143,561,166",46.7%,2006
Rise of the Guardians,"$306,941,670","$103,412,758",33.7%,"$203,528,912",66.3%,2012
Close Encounters of the Third Kind,"$306,889,114","$135,189,114",44%,"$171,700,000",56%,1977
Chicago,"$306,776,732","$170,687,518",55.6%,"$136,089,214",44.4%,2002
Annabelle: Creation,"$306,515,884","$102,092,201",33.3%,"$204,423,683",66.7%,2017
Wonder,"$306,209,289","$132,422,809",43.2%,"$173,786,480",56.8%,2017
Skyscraper,"$304,868,961","$68,420,120",22.4%,"$236,448,841",77.6%,2018
A Good Day to Die Hard,"$304,654,182","$67,349,198",22.1%,"$237,304,984",77.9%,2013
Mulan,"$304,320,254","$120,620,254",39.6%,"$183,700,000",60.4%,1998
Dangal,"$303,723,636","$12,391,761",4.1%,"$291,331,875",95.9%,2016
Passengers,"$303,144,152","$100,014,699",33%,"$203,129,453",67%,2016
Battleship,"$303,025,485","$65,422,625",21.6%,"$237,602,860",78.4%,2012
Liar Liar,"$302,710,615","$181,410,615",59.9%,"$121,300,000",40.1%,1997
G.I. Joe: The Rise of Cobra,"$302,469,017","$150,201,498",49.7%,"$152,267,519",50.3%,2009
Wrath of the Titans,"$301,970,083","$83,670,083",27.7%,"$218,300,000",72.3%,2012
Fantastic 4: Rise of the Silver Surfer,"$301,913,131","$131,921,738",43.7%,"$169,991,393",56.3%,2007
Hook,"$300,854,823","$119,654,823",39.8%,"$181,200,000",60.2%,1991
Rocky IV,"$300,473,716","$127,873,716",42.6%,"$172,600,000",57.4%,1985
Superman,"$300,451,603","$134,451,603",44.8%,"$166,000,000",55.2%,1978
Rambo: First Blood Part II,"$300,400,432","$150,415,432",50.1%,"$149,985,000",49.9%,1985
Resident Evil: Afterlife,"$300,228,084","$60,128,566",20%,"$240,099,518",80%,2010
Van Helsing,"$300,157,638","$120,177,084",40%,"$179,980,554",60%,2004
Stuart Little,"$300,135,367","$140,035,367",46.7%,"$160,100,000",53.3%,1999
Beverly Hills Cop II,"$299,965,036","$153,665,036",51.2%,"$146,300,000",48.8%,1987
Alice Through the Looking Glass,"$299,820,798","$77,041,381",25.7%,"$222,779,417",74.3%,2016
My Best Friend's Wedding,"$299,288,605","$127,120,029",42.5%,"$172,168,576",57.5%,1997
Real Steel,"$299,268,508","$85,468,508",28.6%,"$213,800,000",71.4%,2011
Horton Hears a Who!,"$298,572,799","$154,529,439",51.8%,"$144,043,360",48.2%,2008
A Quiet Place Part II,"$297,770,224","$160,072,261",53.8%,"$137,697,963",46.2%,2021
Ocean's Eight,"$297,718,711","$140,218,711",47.1%,"$157,500,000",52.9%,2018
The Divergent Series: Insurgent,"$297,002,527","$130,179,072",43.8%,"$166,823,455",56.2%,2015
Look Who's Talking,"$296,999,813","$140,088,813",47.2%,"$156,911,000",52.8%,1989
Austin Powers in Goldmember,"$296,938,801","$213,307,889",71.8%,"$83,630,912",28.2%,2002
Ghostbusters,"$296,578,797","$243,578,797",82.1%,"$53,000,000",17.9%,1984
Miss Peregrine's Home for Peculiar Children,"$296,482,446","$87,242,834",29.4%,"$209,239,612",70.6%,2016
X-Men,"$296,339,528","$157,299,718",53.1%,"$139,039,810",46.9%,2000
Ferdinand,"$296,069,199","$84,410,380",28.5%,"$211,658,819",71.5%,2017
Shutter Island,"$294,805,697","$128,012,934",43.4%,"$166,792,763",56.6%,2010
Doctor Dolittle,"$294,456,605","$144,156,605",49%,"$150,300,000",51%,1998
Bee Movie,"$293,514,336","$126,631,277",43.1%,"$166,883,059",56.9%,2007
Salt,"$293,503,354","$118,311,368",40.3%,"$175,191,986",59.7%,2010
G-Force,"$292,817,898","$119,436,770",40.8%,"$173,381,128",59.2%,2009
The Departed,"$291,465,373","$132,384,315",45.4%,"$159,081,058",54.6%,2006
What Lies Beneath,"$291,420,351","$155,464,351",53.4%,"$135,956,000",46.6%,2000
Pacific Rim: Uprising,"$290,930,148","$59,874,525",20.6%,"$231,055,623",79.4%,2018
The Bourne Supremacy,"$290,835,269","$176,241,941",60.6%,"$114,593,328",39.4%,2004
Sex and the City 2,"$290,745,055","$95,347,692",32.8%,"$195,397,363",67.2%,2010
Shakespeare in Love,"$289,317,794","$100,317,794",34.7%,"$189,000,000",65.3%,1998
Divergent,"$288,885,818","$150,947,895",52.2%,"$137,937,923",47.8%,2014
Coming to America,"$288,752,301","$128,152,301",44.4%,"$160,600,000",55.6%,1988
Wedding Crashers,"$288,467,645","$209,255,921",72.5%,"$79,211,724",27.5%,2005
Bridesmaids,"$288,383,523","$169,106,725",58.6%,"$119,276,798",41.4%,2011
Maze Runner: The Death Cure,"$288,175,335","$58,032,443",20.1%,"$230,142,892",79.9%,2018
Casper,"$287,928,194","$100,328,194",34.8%,"$187,600,000",65.2%,1995
American Pie 2,"$287,553,595","$145,103,595",50.5%,"$142,450,000",49.5%,2001
Pitch Perfect 2,"$287,144,079","$184,296,230",64.2%,"$102,847,849",35.8%,2015
The Green Mile,"$286,801,374","$136,801,374",47.7%,"$150,000,000",52.3%,1999
Oblivion,"$286,168,572","$89,107,235",31.1%,"$197,061,337",68.9%,2013
Elysium,"$286,140,700","$93,050,117",32.5%,"$193,090,583",67.5%,2013
Lethal Weapon 4,"$285,444,603","$130,444,603",45.7%,"$155,000,000",54.3%,1998
John Carter,"$284,139,100","$73,078,100",25.7%,"$211,061,000",74.3%,2012
Turbo,"$282,570,682","$83,028,128",29.4%,"$199,542,554",70.6%,2013
Paddington,"$282,377,683","$76,271,832",27%,"$206,105,851",73%,2014
Bridget Jones's Diary,"$281,995,610","$71,543,427",25.4%,"$210,452,183",74.6%,2001
The Tourist,"$278,780,441","$67,631,157",24.3%,"$211,149,284",75.7%,2010
Split,"$278,454,417","$138,291,365",49.7%,"$140,163,052",50.3%,2017
Scary Movie,"$278,019,771","$157,019,771",56.5%,"$121,000,000",43.5%,2000
xXx,"$277,448,382","$142,109,382",51.2%,"$135,339,000",48.8%,2002
The Bourne Legacy,"$276,144,750","$113,203,870",41%,"$162,940,880",59%,2012
Mr. Peabody & Sherman,"$275,698,039","$111,506,430",40.4%,"$164,191,609",59.6%,2014
Scooby-Doo,"$275,650,703","$153,294,164",55.6%,"$122,356,539",44.4%,2002
Lincoln,"$275,293,450","$182,207,973",66.2%,"$93,085,477",33.8%,2012
Lara Croft: Tomb Raider,"$274,703,340","$131,168,070",47.8%,"$143,535,270",52.2%,2001
Tomb Raider,"$274,650,803","$58,250,803",21.2%,"$216,400,000",78.8%,2018
The Expendables,"$274,470,394","$103,068,524",37.6%,"$171,401,870",62.4%,2010
Cloudy with a Chance of Meatballs 2,"$274,325,949","$119,793,567",43.7%,"$154,532,382",56.3%,2013
The Nutty Professor,"$273,961,019","$128,814,019",47%,"$145,147,000",53%,1996
Jerry Maguire,"$273,552,592","$153,952,592",56.3%,"$119,600,000",43.7%,1996
Bad Boys II,"$273,339,556","$138,608,444",50.7%,"$134,731,112",49.3%,2003
Lilo & Stitch,"$273,144,151","$145,794,338",53.4%,"$127,349,813",46.6%,2002
The Silence of the Lambs,"$272,742,922","$130,742,922",47.9%,"$142,000,000",52.1%,1991
Grown Ups,"$271,457,301","$162,001,186",59.7%,"$109,456,115",40.3%,2010
Neighbors,"$270,665,134","$150,157,400",55.5%,"$120,507,734",44.5%,2014
The Firm,"$270,248,367","$158,348,367",58.6%,"$111,900,000",41.4%,1993
We're the Millers,"$269,994,119","$150,394,119",55.7%,"$119,600,000",44.3%,2012
Gran Torino,"$269,958,228","$148,095,302",54.9%,"$121,862,926",45.1%,2008
"10,000 BC","$269,784,201","$94,784,201",35.1%,"$175,000,000",64.9%,2008
American Gangster,"$269,755,430","$130,164,645",48.2%,"$139,590,785",51.8%,2007
Epic,"$268,426,634","$107,518,682",40.1%,"$160,907,952",59.9%,2013
Exodus: Gods and Kings,"$268,175,631","$65,014,513",24.2%,"$203,161,118",75.8%,2014
Bambi,"$267,447,150","$102,247,150",38.2%,"$165,200,000",61.8%,1942
The Princess and the Frog,"$267,045,765","$104,400,899",39.1%,"$162,644,866",60.9%,2009
Batman Returns,"$266,892,996","$162,902,340",61%,"$103,990,656",39%,1992
Indecent Proposal,"$266,614,059","$106,614,059",40%,"$160,000,000",60%,1993
Something's Gotta Give,"$265,328,738","$124,728,738",47%,"$140,600,000",53%,2003
Bridget Jones: The Edge of Reason,"$265,126,918","$40,226,215",15.2%,"$224,900,703",84.8%,2004
The Incredible Hulk,"$264,770,996","$134,806,913",50.9%,"$129,964,083",49.1%,2008
Waterworld,"$264,218,220","$88,246,220",33.4%,"$175,972,000",66.6%,1995
The Truman Show,"$264,118,201","$125,618,201",47.6%,"$138,500,000",52.4%,1998
Charlie's Angels,"$264,105,545","$125,305,545",47.4%,"$138,800,000",52.6%,2000
The Fifth Element,"$263,920,180","$63,820,180",24.2%,"$200,100,000",75.8%,1997
Jumanji,"$262,821,940","$100,499,940",38.2%,"$162,322,000",61.8%,1995
Borat: Cultural Learnings of America for Make Benefit Glorious Nation of Kazakhstan,"$262,552,893","$128,505,958",48.9%,"$134,046,935",51.1%,2006
Robots,"$262,511,490","$128,200,012",48.8%,"$134,311,478",51.2%,2005
Knight and Day,"$261,989,769","$76,423,035",29.2%,"$185,566,734",70.8%,2008
Total Recall,"$261,317,921","$119,412,921",45.7%,"$141,905,000",54.3%,1990
This Is It,"$261,183,588","$72,091,016",27.6%,"$189,092,572",72.4%,2009
Terminator: Dark Fate,"$261,119,292","$62,253,077",23.8%,"$198,866,215",76.2%,2019
The Lone Ranger,"$260,502,115","$89,302,115",34.3%,"$171,200,000",65.7%,2013
Super 8,"$260,095,986","$127,004,179",48.8%,"$133,091,807",51.2%,2011
Mojin: The Lost Legend,"$259,368,448","$1,243,810",0.5%,"$258,124,638",99.5%,2015
Blade Runner 2049,"$259,334,548","$92,054,159",35.5%,"$167,280,389",64.5%,2017
Charlie's Angels: Full Throttle,"$259,175,788","$100,830,111",38.9%,"$158,345,677",61.1%,2003
Parasite,"$258,668,626","$53,369,749",20.6%,"$205,298,877",79.4%,2019
Rush Hour 3,"$258,097,122","$140,125,968",54.3%,"$117,971,154",45.7%,2007
The Full Monty,"$257,938,649","$45,950,122",17.8%,"$211,988,527",82.2%,1997
Kung Fu Yoga,"$257,753,889","$362,657",0.1%,"$257,391,232",99.9%,2017
Annabelle,"$257,579,282","$84,273,813",32.7%,"$173,305,469",67.3%,2014
The Village,"$256,697,520","$114,197,520",44.5%,"$142,500,000",55.5%,2003
Lost in Hong Kong,"$256,283,912","$1,302,281",0.5%,"$254,981,631",99.5%,2015
Erin Brockovich,"$256,271,286","$125,595,205",49%,"$130,676,081",51%,2000
Pegasus,"$255,863,112",-,-,"$255,863,112",100%,2019
Marley & Me,"$255,743,093","$143,153,751",56%,"$112,589,342",44%,2008
Halloween,"$255,614,941","$159,342,015",62.3%,"$96,272,926",37.7%,2018
Get Out,"$255,589,157","$176,040,665",68.9%,"$79,548,492",31.1%,2016
Us,"$255,185,482","$175,084,580",68.6%,"$80,100,902",31.4%,2019
Cliffhanger,"$255,000,211","$84,049,211",33%,"$170,951,000",67%,1993
Baahubali 2: The Conclusion,"$254,158,390","$20,186,659",7.9%,"$233,971,731",92.1%,2017
Babe,"$254,134,910","$63,658,910",25%,"$190,476,000",75%,1995
Men in Black: International,"$253,890,701","$80,001,807",31.5%,"$173,888,894",68.5%,2019
Wild Hogs,"$253,625,427","$168,273,550",66.4%,"$85,351,877",33.6%,2007
High School Musical 3: Senior Year,"$252,909,177","$90,559,416",35.8%,"$162,349,761",64.2%,2008
Hercules,"$252,712,101","$99,112,101",39.2%,"$153,600,000",60.8%,1997
X-Men: Dark Phoenix,"$252,442,974","$65,845,974",26.1%,"$186,597,000",73.9%,2019
True Grit,"$252,276,927","$171,243,005",67.9%,"$81,033,922",32.1%,2010
Bean,"$251,212,670","$45,319,423",18%,"$205,893,247",82%,1997
American Hustle,"$251,171,807","$150,117,807",59.8%,"$101,054,000",40.2%,2013
Enemy of the State,"$250,849,789","$111,549,836",44.5%,"$139,299,953",55.5%,1998
You've Got Mail,"$250,821,495","$115,821,495",46.2%,"$135,000,000",53.8%,1998
Eragon,"$250,425,512","$75,030,163",30%,"$175,395,349",70%,2006
Brother Bear,"$250,397,798","$85,336,277",34.1%,"$165,061,521",65.9%,2003
The Mask of Zorro,"$250,288,523","$94,095,523",37.6%,"$156,193,000",62.4%,1998
The Ring,"$249,348,933","$129,128,133",51.8%,"$120,220,800",48.2%,2002
The Blair Witch Project,"$248,639,099","$140,539,099",56.5%,"$108,100,000",43.5%,1999
Unbreakable,"$248,118,121","$95,011,339",38.3%,"$153,106,782",61.7%,2000
Journey to the West: The Demons Strike Back,"$247,585,244","$880,346",0.4%,"$246,704,898",99.6%,2017
Dumb and Dumber,"$247,275,374","$127,175,374",51.4%,"$120,100,000",48.6%,1994
Glass,"$246,999,039","$111,048,468",45%,"$135,950,571",55%,2019
Grown Ups 2,"$246,984,278","$133,668,525",54.1%,"$113,315,753",45.9%,2013
The Peanuts Movie,"$246,233,113","$130,178,411",52.9%,"$116,054,702",47.1%,2015
The Godfather,"$246,120,986","$134,966,411",54.8%,"$111,154,575",45.2%,1972
Rango,"$245,724,603","$123,477,607",50.2%,"$122,246,996",49.8%,2011
Four Weddings and a Funeral,"$245,700,832","$52,700,832",21.4%,"$193,000,000",78.6%,1994
Face/Off,"$245,676,146","$112,276,146",45.7%,"$133,400,000",54.3%,1997
Teenage Mutant Ninja Turtles: Out of the Shadows,"$245,623,848","$82,051,601",33.4%,"$163,572,247",66.6%,2016
Dark Shadows,"$245,527,149","$79,727,149",32.5%,"$165,800,000",67.5%,2012
Dolittle,"$245,438,444","$77,047,065",31.4%,"$168,391,379",68.6%,2020
Hulk,"$245,285,165","$132,177,234",53.9%,"$113,107,931",46.1%,2003
Love Actually,"$245,203,167","$59,696,144",24.4%,"$185,507,023",75.6%,2003
The Bravest,"$245,179,562","$290,217",0.1%,"$244,889,345",99.9%,2019
Welcome to the Sticks,"$245,144,417",-,-,"$245,144,417",100%,2008
Back to the Future Part III,"$245,077,583","$88,277,583",36%,"$156,800,000",64%,1990
Pixels,"$244,874,809","$78,747,585",32.2%,"$166,127,224",67.8%,2015
Hercules,"$244,819,862","$72,688,614",29.7%,"$172,131,248",70.3%,2014
Rush Hour,"$244,721,064","$141,186,864",57.7%,"$103,534,200",42.3%,1998
Journey to the Center of the Earth,"$244,232,688","$101,704,370",41.6%,"$142,528,318",58.4%,2008
After Earth,"$243,611,982","$60,522,097",24.8%,"$183,089,885",75.2%,2013
A Few Good Men,"$243,240,178","$141,340,178",58.1%,"$101,900,000",41.9%,1992
Cloudy with a Chance of Meatballs,"$243,006,126","$124,870,275",51.4%,"$118,135,851",48.6%,2009
8 Mile,"$242,875,078","$116,750,901",48.1%,"$126,124,177",51.9%,2002
Daddy's Home,"$242,786,137","$150,357,137",61.9%,"$92,429,000",38.1%,2015
RoboCop,"$242,688,965","$58,607,007",24.2%,"$184,081,958",75.8%,2014
Eraser,"$242,295,562","$101,295,562",41.8%,"$141,000,000",58.2%,1996
Alien: Covenant,"$240,891,763","$74,262,031",30.8%,"$166,629,732",69.2%,2017
Sully,"$240,797,623","$125,070,033",51.9%,"$115,727,590",48.1%,2016
Assassin's Creed,"$240,697,856","$54,647,948",22.7%,"$186,049,908",77.3%,2016
Click,"$240,685,326","$137,355,633",57.1%,"$103,329,693",42.9%,2006
Legend of Deification,"$240,663,149","$214,670",<0.1%,"$240,448,479",99.9%,2020
Resident Evil: Retribution,"$240,159,255","$42,345,531",17.6%,"$197,813,724",82.4%,2012
Die Hard 2,"$240,031,274","$117,540,947",49%,"$122,490,327",51%,1990
Crocodile Dundee II,"$239,606,210","$109,306,210",45.6%,"$130,300,000",54.4%,1988
Planes,"$239,258,712","$90,288,712",37.7%,"$148,970,000",62.3%,2013
Crazy Rich Asians,"$238,539,198","$174,532,921",73.2%,"$64,006,277",26.8%,2018
Batman & Robin,"$238,235,719","$107,353,792",45.1%,"$130,881,927",54.9%,1997
Downton Abbey,"$237,860,050","$96,854,135",40.7%,"$141,005,915",59.3%,2019
Gulliver's Travels,"$237,382,724","$42,779,261",18%,"$194,603,463",82%,2010
Gone in 60 Seconds,"$237,202,299","$101,648,571",42.8%,"$135,553,728",57.2%,2000
Saturday Night Fever,"$237,113,184","$94,213,184",39.7%,"$142,900,000",60.3%,1977
Silver Linings Playbook,"$236,412,453","$132,092,958",55.9%,"$104,319,495",44.1%,2012
2 Fast 2 Furious,"$236,350,661","$127,154,901",53.8%,"$109,195,760",46.2%,2003
Howl's Moving Castle,"$236,214,446","$5,576,743",2.4%,"$230,637,703",97.6%,2004
Hidden Figures,"$235,956,898","$169,607,287",71.9%,"$66,349,611",28.1%,2016
A.I. Artificial Intelligence,"$235,926,552","$78,616,689",33.3%,"$157,309,863",66.7%,2001
Dead Poets Society,"$235,860,116","$95,860,116",40.6%,"$140,000,000",59.4%,1989
Spy,"$235,666,219","$110,825,712",47%,"$124,840,507",53%,2015
American Pie,"$235,483,004","$102,561,004",43.6%,"$132,922,000",56.4%,1999
American Reunion,"$234,989,584","$57,011,521",24.3%,"$177,978,063",75.7%,2012
Big Daddy,"$234,801,895","$163,479,795",69.6%,"$71,322,100",30.4%,1999
Alvin and the Chipmunks: The Road Chip,"$234,798,636","$85,886,987",36.6%,"$148,911,649",63.4%,2015
The Imitation Game,"$233,555,708","$91,125,683",39%,"$142,430,025",61%,2014
Cruella,"$233,274,812","$86,103,234",36.9%,"$147,171,578",63.1%,2021
The Day the Earth Stood Still,"$233,093,859","$79,366,978",34%,"$153,726,881",66%,2008
American Wedding,"$232,722,935","$104,565,114",44.9%,"$128,157,821",55.1%,2003
The Girl with the Dragon Tattoo,"$232,617,430","$102,515,793",44.1%,"$130,101,637",55.9%,2011
Juno,"$232,372,681","$143,495,265",61.8%,"$88,877,416",38.2%,2007
Argo,"$232,325,503","$136,025,503",58.6%,"$96,300,000",41.4%,2012
Mr. Bean's Holiday,"$232,225,908","$33,302,167",14.3%,"$198,923,741",85.7%,2007
The English Patient,"$231,976,425","$78,676,425",33.9%,"$153,300,000",66.1%,1996
Sister Act,"$231,605,150","$139,605,150",60.3%,"$92,000,000",39.7%,1992
Annabelle Comes Home,"$231,252,591","$74,152,591",32.1%,"$157,100,000",67.9%,2019
Constantine,"$230,884,728","$75,976,178",32.9%,"$154,908,550",67.1%,2005
Get Smart,"$230,685,453","$130,319,208",56.5%,"$100,366,245",43.5%,2008
Space Jam,"$230,418,342","$90,418,342",39.2%,"$140,000,000",60.8%,1996
Life Is Beautiful,"$230,098,753","$57,563,264",25%,"$172,535,489",75%,1998
The Heat,"$229,930,771","$159,582,188",69.4%,"$70,348,583",30.6%,1996
Ghostbusters,"$229,147,509","$128,350,574",56%,"$100,796,935",44%,2016
Ghost Rider,"$228,738,393","$115,802,596",50.6%,"$112,935,797",49.4%,2007
Goodbye Mr. Loser,"$228,122,928","$1,293,626",0.6%,"$226,829,302",99.4%,2015
Paddington 2,"$227,978,645","$40,891,591",17.9%,"$187,087,054",82.1%,2017
Sleepless in Seattle,"$227,927,165","$126,808,165",55.6%,"$101,119,000",44.4%,1993
Lethal Weapon 2,"$227,853,986","$147,253,986",64.6%,"$80,600,000",35.4%,1989
The Green Hornet,"$227,817,248","$98,780,042",43.4%,"$129,037,206",56.6%,2011
Out of Africa,"$227,514,205","$87,071,205",38.3%,"$140,443,000",61.7%,1985
Youth,"$227,091,290","$1,891,956",0.8%,"$225,199,334",99.2%,2017
Baby Driver,"$226,945,087","$107,825,862",47.5%,"$119,119,225",52.5%,2017
Immortals,"$226,904,017","$83,504,017",36.8%,"$143,400,000",63.2%,2011
Taken,"$226,837,760","$145,000,989",63.9%,"$81,836,771",36.1%,2008
Percy Jackson & the Olympians: The Lightning Thief,"$226,497,209","$88,768,303",39.2%,"$137,728,906",60.8%,2010
Hansel & Gretel: Witch Hunters,"$226,349,749","$55,703,475",24.6%,"$170,646,274",75.4%,2013
Valerian and the City of a Thousand Planets,"$225,973,340","$41,189,488",18.2%,"$184,783,852",81.8%,2017
Good Will Hunting,"$225,933,435","$138,433,435",61.3%,"$87,500,000",38.7%,1997
Better Days,"$225,918,798","$1,921,657",0.8%,"$223,997,141",99.2%,2019
Ford v Ferrari,"$225,508,210","$117,624,357",52.2%,"$107,883,853",47.8%,2019
Jumper,"$225,132,113","$80,172,128",35.6%,"$144,959,985",64.4%,2008
The Social Network,"$224,920,375","$96,962,694",43.1%,"$127,957,681",56.9%,2010
Chicken Run,"$224,834,564","$106,834,564",47.5%,"$118,000,000",52.5%,2000
Con Air,"$224,012,234","$101,117,573",45.1%,"$122,894,661",54.9%,1997
Elf,"$223,853,736","$176,630,408",78.9%,"$47,223,328",21.1%,2003
Interview with the Vampire: The Vampire Chronicles,"$223,664,608","$105,264,608",47.1%,"$118,400,000",52.9%,1994
Flightplan,"$223,387,299","$89,707,299",40.2%,"$133,680,000",59.8%,2005
Yes Man,"$223,241,637","$97,690,976",43.8%,"$125,550,661",56.2%,2008
Non-Stop,"$222,809,600","$92,168,600",41.4%,"$130,641,000",58.6%,2014
"Honey, I Shrunk the Kids","$222,724,172","$130,724,172",58.7%,"$92,000,000",41.3%,1989
Fahrenheit 9/11,"$222,446,882","$119,194,771",53.6%,"$103,252,111",46.4%,2004
Wild Wild West,"$222,104,681","$113,804,681",51.2%,"$108,300,000",48.8%,1999
"My Country, My Parents","$221,697,831","$166,807",<0.1%,"$221,531,024",99.9%,2021
Geostorm,"$221,600,160","$33,700,160",15.2%,"$187,900,000",84.8%,2017
Presumed Innocent,"$221,303,188","$86,303,188",39%,"$135,000,000",61%,1990
Scary Movie 3,"$220,673,217","$110,003,217",49.8%,"$110,670,000",50.2%,2003
Collateral,"$220,239,925","$101,005,703",45.9%,"$119,234,222",54.1%,2004
Inferno,"$220,021,259","$34,343,574",15.6%,"$185,677,685",84.4%,2016
Knocked Up,"$219,922,417","$148,768,917",67.6%,"$71,153,500",32.4%,2007
Green Lantern,"$219,851,172","$116,601,172",53%,"$103,250,000",47%,2011
What Happens in Vegas,"$219,375,562","$80,277,646",36.6%,"$139,097,916",63.4%,2008
Jungle Cruise,"$219,339,128","$116,987,516",53.3%,"$102,351,612",46.7%,2021
It's Complicated,"$219,103,655","$112,735,375",51.4%,"$106,368,280",48.6%,2009
The Terminal,"$219,100,084","$77,872,883",35.5%,"$141,227,201",64.5%,2004
Captain Phillips,"$218,791,811","$107,100,855",49%,"$111,690,956",51%,2013
The Prince of Egypt,"$218,613,188","$101,413,188",46.4%,"$117,200,000",53.6%,1998
Jack Reacher,"$218,340,595","$80,070,736",36.7%,"$138,269,859",63.3%,2012
Kingdom of Heaven,"$218,122,627","$47,398,413",21.7%,"$170,724,214",78.3%,2005
The Emoji Movie,"$217,776,646","$86,089,513",39.5%,"$131,687,133",60.5%,2017
Dracula Untold,"$217,124,280","$56,280,355",25.9%,"$160,843,925",74.1%,2014
Central Intelligence,"$216,972,543","$127,440,871",58.7%,"$89,531,672",41.3%,2016
Million Dollar Baby,"$216,763,646","$100,492,203",46.4%,"$116,271,443",53.6%,2004
The Help,"$216,639,112","$169,708,112",78.3%,"$46,931,000",21.7%,2011
Twins,"$216,614,388","$111,938,388",51.7%,"$104,676,000",48.3%,1988
Little Women,"$216,601,214","$108,101,214",49.9%,"$108,500,000",50.1%,2019
Valentine's Day,"$216,485,654","$110,485,654",51%,"$106,000,000",49%,2010
Bad Teacher,"$216,197,492","$100,292,856",46.4%,"$115,904,636",53.6%,2011
A Little Red Flower,"$216,000,000",-,-,"$216,000,000",100%,2020
The Croods: A New Age,"$215,905,815","$58,568,815",27.1%,"$157,337,000",72.9%,2020
Clear and Present Danger,"$215,887,717","$122,187,717",56.6%,"$93,700,000",43.4%,1994
One Hundred and One Dalmatians,"$215,880,014","$144,880,014",67.1%,"$71,000,000",32.9%,1961
Ted 2,"$215,863,606","$81,476,385",37.7%,"$134,387,221",62.3%,2015
Dracula,"$215,862,692","$82,522,790",38.2%,"$133,339,902",61.8%,1992
Vertical Limit,"$215,663,859","$69,243,859",32.1%,"$146,420,000",67.9%,2000
Ghostbusters II,"$215,394,738","$112,494,738",52.2%,"$102,900,000",47.8%,1989
The Patriot,"$215,294,342","$113,330,342",52.6%,"$101,964,000",47.4%,2000
The Sorcerer's Apprentice,"$215,283,742","$63,150,991",29.3%,"$152,132,751",70.7%,2010
Just Go with It,"$214,945,591","$103,028,109",47.9%,"$111,917,482",52.1%,2011
The Expendables 3,"$214,657,577","$39,322,544",18.3%,"$175,335,033",81.7%,2014
Dirty Dancing,"$214,577,242","$64,577,242",30.1%,"$150,000,000",69.9%,1987
Creed II,"$214,215,889","$115,715,889",54%,"$98,500,000",46%,2018
Public Enemies,"$214,104,620","$97,104,620",45.4%,"$117,000,000",54.6%,2009
Smallfoot,"$214,040,103","$83,240,103",38.9%,"$130,800,000",61.1%,2018
The Bourne Identity,"$214,034,224","$121,661,683",56.8%,"$92,372,541",43.2%,2002
Disclosure,"$214,015,089","$83,015,089",38.8%,"$131,000,000",61.2%,1994
Pulp Fiction,"$213,928,762","$107,928,762",50.4%,"$106,000,000",49.6%,1994
The Aviator,"$213,719,942","$102,610,330",48%,"$111,109,612",52%,2004
"Crouching Tiger, Hidden Dragon","$213,525,736","$128,078,872",60%,"$85,446,864",40%,2000
Braveheart,"$213,216,216","$75,609,945",35.5%,"$137,606,271",64.5%,1995
Into the Woods,"$212,902,372","$128,002,372",60.1%,"$84,900,000",39.9%,2014
Bedtime Stories,"$212,874,864","$110,101,975",51.7%,"$102,772,889",48.3%,2008
Miss Congeniality,"$212,742,720","$106,807,667",50.2%,"$105,935,053",49.8%,2000
Entrapment,"$212,404,396","$87,704,396",41.3%,"$124,700,000",58.7%,1999
Ace Ventura: When Nature Calls,"$212,385,533","$108,385,533",51%,"$104,000,000",49%,1995
End of Days,"$211,989,043","$66,889,043",31.6%,"$145,100,000",68.4%,1999
Bridget Jones's Baby,"$211,952,420","$24,252,420",11.4%,"$187,700,000",88.6%,2016
Fury,"$211,822,697","$85,817,906",40.5%,"$126,004,791",59.5%,2014
Battle Los Angeles,"$211,819,354","$83,552,429",39.4%,"$128,266,925",60.6%,2011
Australia,"$211,787,511","$49,554,002",23.4%,"$162,233,509",76.6%,2008
Due Date,"$211,780,824","$100,539,043",47.5%,"$111,241,781",52.5%,2010
Master and Commander: The Far Side of the World,"$211,622,535","$93,927,920",44.4%,"$117,694,615",55.6%,2003
A Series of Unfortunate Events,"$211,468,235","$118,634,549",56.1%,"$92,833,686",43.9%,2004
The Little Mermaid,"$211,343,479","$111,543,479",52.8%,"$99,800,000",47.2%,1989
District 9,"$210,888,950","$115,646,235",54.8%,"$95,242,715",45.2%,2009
Moonraker,"$210,308,099","$70,308,099",33.4%,"$140,000,000",66.6%,1979
The Others,"$209,947,037","$96,522,687",46%,"$113,424,350",54%,2001
Horrible Bosses,"$209,838,559","$117,538,559",56%,"$92,300,000",44%,2011
Us and Them,"$209,221,380",-,-,"$209,221,380",100%,2018
Red Dragon,"$209,196,298","$93,149,898",44.5%,"$116,046,400",55.5%,2002
Tomorrowland,"$209,035,668","$93,436,322",44.7%,"$115,599,346",55.3%,2015
Me Before You,"$208,314,186","$56,245,075",27%,"$152,069,111",73%,2016
Safe House,"$208,076,205","$126,373,434",60.7%,"$81,702,771",39.3%,2012
S.W.A.T.,"$207,725,639","$116,934,650",56.3%,"$90,790,989",43.7%,2003
Traffic,"$207,515,725","$124,115,725",59.8%,"$83,400,000",40.2%,2000
The Fast and the Furious,"$207,305,509","$144,533,925",69.7%,"$62,771,584",30.3%,2001
Paranormal Activity 3,"$207,039,844","$104,028,807",50.2%,"$103,011,037",49.8%,2011
Philadelphia,"$206,678,440","$77,446,440",37.5%,"$129,232,000",62.5%,1993
Sleepy Hollow,"$206,071,502","$101,071,502",49%,"$105,000,000",51%,1999
The Holiday,"$205,850,134","$63,224,849",30.7%,"$142,625,285",69.3%,2006
The Jungle Book,"$205,843,612","$141,843,612",68.9%,"$64,000,000",31.1%,1967
Raging Fire,"$205,838,889","$385,305",0.2%,"$205,453,584",99.8%,2021
London Has Fallen,"$205,754,447","$62,524,260",30.4%,"$143,230,187",69.6%,2016
The Break-Up,"$205,668,210","$118,703,275",57.7%,"$86,964,935",42.3%,2006
Journey to the West,"$205,637,183","$18,058",<0.1%,"$205,619,125",100%,2013
JFK,"$205,405,498","$70,405,498",34.3%,"$135,000,000",65.7%,1991
White House Down,"$205,366,737","$73,103,784",35.6%,"$132,262,953",64.4%,2013
A Dog's Purpose,"$205,035,819","$64,508,620",31.5%,"$140,527,199",68.5%,2017
Ponyo,"$204,826,668","$15,743,471",7.7%,"$189,083,197",92.3%,2008
Fun with Dick and Jane,"$204,681,899","$110,332,737",53.9%,"$94,349,162",46.1%,2005
Eat Pray Love,"$204,594,016","$80,574,010",39.4%,"$124,020,006",60.6%,2010
You Don't Mess with the Zohan,"$204,313,400","$100,018,837",49%,"$104,294,563",51%,2008
The Addams Family,"$203,783,845","$100,723,831",49.4%,"$103,060,014",50.6%,2019
King Arthur,"$203,567,857","$51,882,244",25.5%,"$151,685,613",74.5%,2004
Hairspray,"$203,553,311","$118,871,849",58.4%,"$84,681,462",41.6%,2007
Yogi Bear,"$203,509,374","$100,246,011",49.3%,"$103,263,363",50.7%,2010
Everest,"$203,427,584","$43,482,270",21.4%,"$159,945,314",78.6%,2015
Vanilla Sky,"$203,388,341","$100,618,344",49.5%,"$102,769,997",50.5%,2001
Arrival,"$203,388,186","$100,546,139",49.4%,"$102,842,047",50.6%,2016
Need for Speed,"$203,277,636","$43,577,636",21.4%,"$159,700,000",78.6%,2014
Garfield,"$203,172,417","$75,369,589",37.1%,"$127,802,828",62.9%,2004
Patch Adams,"$202,292,902","$135,026,902",66.8%,"$67,266,000",33.2%,1998
Teenage Mutant Ninja Turtles,"$201,965,915","$135,265,915",67%,"$66,700,000",33%,1990
The Conjuring: The Devil Made Me Do It,"$201,965,074","$65,565,074",32.5%,"$136,400,000",67.5%,2021
Kindergarten Cop,"$201,957,688","$91,457,688",45.3%,"$110,500,000",54.7%,1990
Birds of Prey,"$201,858,461","$84,158,461",41.7%,"$117,700,000",58.3%,2020
Straight Outta Compton,"$201,634,991","$161,197,785",80%,"$40,437,206",20%,2015
21 Jump Street,"$201,585,328","$138,447,667",68.7%,"$63,137,661",31.3%,2012
Valkyrie,"$201,545,517","$83,077,833",41.2%,"$118,467,684",58.8%,2008
Open Season,"$200,811,689","$85,105,259",42.4%,"$115,706,430",57.6%,2006
Cats & Dogs,"$200,687,492","$93,385,515",46.5%,"$107,301,977",53.5%,2001
The Hunt for Red October,"$200,512,643","$122,012,643",60.8%,"$78,500,000",39.2%,1990
Percy Jackson: Sea of Monsters,"$199,850,315","$68,559,554",34.3%,"$131,290,761",65.7%,2013
Two Weeks Notice,"$199,043,471","$93,354,851",46.9%,"$105,688,620",53.1%,2002
RED,"$199,006,387","$90,380,162",45.4%,"$108,626,225",54.6%,2010
Shock Wave 2,"$198,921,659",-,-,"$198,921,659",100%,2020
City of Angels,"$198,685,114","$78,685,114",39.6%,"$120,000,000",60.4%,1998
The Pacifier,"$198,636,868","$113,086,868",56.9%,"$85,550,000",43.1%,2005
50 First Dates,"$198,520,934","$120,908,074",60.9%,"$77,612,860",39.1%,2004
Total Recall,"$198,467,168","$58,877,969",29.7%,"$139,589,199",70.3%,2012
The Island,"$198,326,350","$670,883",0.3%,"$197,655,467",99.7%,2018
The Impossible,"$198,087,212","$19,019,882",9.6%,"$179,067,330",90.4%,2012
Lost in Thailand,"$197,757,387","$57,387",<0.1%,"$197,700,000",100%,2012
Christopher Robin,"$197,744,377","$99,215,042",50.2%,"$98,529,335",49.8%,2018
Jack the Giant Slayer,"$197,687,603","$65,187,603",33%,"$132,500,000",67%,2013
Smurfs: The Lost Village,"$197,183,546","$45,020,282",22.8%,"$152,163,264",77.2%,2017
Chinese Doctors,"$197,143,218",-,-,"$197,143,218",100%,2021
Spy Kids 3-D: Game Over,"$197,101,678","$111,761,982",56.7%,"$85,339,696",43.3%,2003
Panic Room,"$197,079,546","$96,397,334",48.9%,"$100,682,212",51.1%,2002
The Other Woman,"$196,710,396","$83,911,193",42.7%,"$112,799,203",57.3%,2014
Stargate,"$196,567,262","$71,567,262",36.4%,"$125,000,000",63.6%,1994
Beowulf,"$196,393,745","$82,280,579",41.9%,"$114,113,166",58.1%,2007
The Vow,"$196,114,570","$125,014,030",63.8%,"$71,100,540",36.2%,2012
Anger Management,"$195,745,823","$135,645,823",69.3%,"$60,100,000",30.7%,2003
Tropic Thunder,"$195,702,963","$110,515,313",56.5%,"$85,187,650",43.5%,2008
The Shape of Water,"$195,333,312","$63,859,435",32.7%,"$131,473,877",67.3%,2017
Rocketman,"$195,320,400","$96,368,160",49.3%,"$98,952,240",50.7%,2019
The Pelican Brief,"$195,268,056","$100,768,056",51.6%,"$94,500,000",48.4%,1993
The BFG,"$195,243,411","$55,483,770",28.4%,"$139,759,641",71.6%,2016
The Intern,"$194,564,672","$75,764,672",38.9%,"$118,800,000",61.1%,2015
Wallace & Gromit: The Curse of the Were-Rabbit,"$194,137,091","$56,110,897",28.9%,"$138,026,194",71.1%,2005
Gnomeo & Juliet,"$193,967,670","$99,967,670",51.5%,"$94,000,000",48.5%,2011
Weathering with You,"$193,932,489","$8,056,636",4.2%,"$185,875,853",95.8%,2019
The Sum of All Fears,"$193,921,372","$118,907,036",61.3%,"$75,014,336",38.7%,2002
Gangs of New York,"$193,772,504","$77,812,000",40.2%,"$115,960,504",59.8%,2002
The Monkey King 2,"$193,678,298","$709,982",0.4%,"$192,968,316",99.6%,2016
Paranormal Activity,"$193,355,800","$107,918,810",55.8%,"$85,436,990",44.2%,2009
The Equalizer,"$192,330,738","$101,530,738",52.8%,"$90,800,000",47.2%,2014
The Lego Movie 2: The Second Part,"$192,306,508","$105,806,508",55%,"$86,500,000",45%,2019
Sheep Without a Shepherd,"$191,602,146",-,-,"$191,602,146",100%,2019
The Addams Family,"$191,502,426","$113,502,426",59.3%,"$78,000,000",40.7%,1991
The Longest Yard,"$191,466,556","$158,119,460",82.6%,"$33,347,096",17.4%,2005
The Santa Clause,"$190,539,357","$145,539,357",76.4%,"$45,000,000",23.6%,1994
Cheaper by the Dozen,"$190,538,630","$138,614,544",72.8%,"$51,924,086",27.2%,2003
The Equalizer 2,"$190,400,157","$102,084,362",53.6%,"$88,315,795",46.4%,2018
Hollow Man,"$190,213,455","$73,209,340",38.5%,"$117,004,115",61.5%,2000
Outbreak,"$189,859,560","$67,659,560",35.6%,"$122,200,000",64.4%,1995
The White Storm 2: Drug Lords,"$189,396,380","$609,461",0.3%,"$188,786,919",99.7%,2019
The X Files,"$189,176,423","$83,898,313",44.4%,"$105,278,110",55.6%,1998
Breakup Buddies,"$189,017,596","$777,896",0.4%,"$188,239,700",99.6%,2014
Rambo III,"$189,015,611","$53,715,611",28.4%,"$135,300,000",71.6%,1988
The Secret Life of Walter Mitty,"$188,133,322","$58,236,838",31%,"$129,896,484",69%,2013
Project Gutenberg,"$188,116,796",-,-,"$188,116,796",100%,2018
Jaws 2,"$187,884,007","$81,766,007",43.5%,"$106,118,000",56.5%,1978
12 Years a Slave,"$187,733,202","$56,671,993",30.2%,"$131,061,209",69.8%,2013
Heat,"$187,436,818","$67,436,818",36%,"$120,000,000",64%,1995
Mr. Popper's Penguins,"$187,361,754","$68,224,452",36.4%,"$119,137,302",63.6%,2011
The Grudge,"$187,281,115","$110,359,362",58.9%,"$76,921,753",41.1%,2004
I Now Pronounce You Chuck & Larry,"$187,134,117","$120,059,556",64.2%,"$67,074,561",35.8%,2007
The Horse Whisperer,"$186,883,563","$75,383,563",40.3%,"$111,500,000",59.7%,1998
Walk the Line,"$186,797,986","$119,519,402",64%,"$67,278,584",36%,2005
Jian Bing Man,"$186,699,768",-,-,"$186,699,768",100%,2015
The Jungle Book 2,"$186,303,759","$47,901,582",25.7%,"$138,402,177",74.3%,2003
The Final Destination,"$186,167,139","$66,477,700",35.7%,"$119,689,439",64.3%,2009
Atlantis: The Lost Empire,"$186,053,725","$84,056,472",45.2%,"$101,997,253",54.8%,2001
Inside Man,"$186,003,591","$88,513,495",47.6%,"$97,490,096",52.4%,2006
The Waterboy,"$185,991,646","$161,491,646",86.8%,"$24,500,000",13.2%,1998
Hugo,"$185,770,310","$73,864,507",39.8%,"$111,905,803",60.2%,2011
Pitch Perfect 3,"$185,400,345","$104,897,530",56.6%,"$80,502,815",43.4%,2017
Watchmen,"$185,382,813","$107,509,799",58%,"$77,873,014",42%,2009
The Birdcage,"$185,260,553","$124,060,553",67%,"$61,200,000",33%,1996
Moulin Rouge!,"$184,935,320","$57,386,607",31%,"$127,548,713",69%,2001
Snow White and the Seven Dwarfs,"$184,925,486","$184,925,486",100%,$0,-,1937
Hop,"$183,954,145","$108,085,305",58.8%,"$75,868,840",41.2%,2011
Bad Moms,"$183,936,074","$113,257,297",61.6%,"$70,678,777",38.4%,2016
Jupiter Ascending,"$183,887,723","$47,387,723",25.8%,"$136,500,000",74.2%,2015
Knowing,"$183,658,498","$79,957,634",43.5%,"$103,700,864",56.5%,2007
102 Dalmatians,"$183,611,771","$66,957,026",36.5%,"$116,654,745",63.5%,2000
Stand by Me Doraemon,"$183,442,714",-,-,"$183,442,714",100%,2014
Storks,"$183,388,953","$72,679,278",39.6%,"$110,709,675",60.4%,2016
Paul Blart: Mall Cop,"$183,348,429","$146,336,178",79.8%,"$37,012,251",20.2%,2009
Wayne's World,"$183,097,323","$121,697,323",66.5%,"$61,400,000",33.5%,1992
Maverick,"$183,031,272","$101,631,272",55.5%,"$81,400,000",44.5%,1994
Mirror Mirror,"$183,018,522","$64,935,167",35.5%,"$118,083,355",64.5%,2012
The Man in the Iron Mask,"$182,968,902","$56,968,902",31.1%,"$126,000,000",68.9%,1998
Cape Fear,"$182,291,969","$79,091,969",43.4%,"$103,200,000",56.6%,1991
The Haunted Mansion,"$182,290,266","$75,847,266",41.6%,"$106,443,000",58.4%,2003
The Monkey King Havoc in Heavens Palace,"$182,206,924",-,-,"$182,206,924",100%,2014
While You Were Sleeping,"$182,057,016","$81,057,016",44.5%,"$101,000,000",55.5%,1995
The Bridges of Madison County,"$182,016,617","$71,516,617",39.3%,"$110,500,000",60.7%,1995
From Vegas to Macau III,"$181,732,879",-,-,"$181,732,879",100%,2016
Poseidon,"$181,674,817","$60,674,817",33.4%,"$121,000,000",66.6%,2006
The First Wives Club,"$181,489,203","$105,489,203",58.1%,"$76,000,000",41.9%,1996
Cliff Walkers,"$181,325,565","$152,972",<0.1%,"$181,172,593",99.9%,2021
Scooby-Doo 2: Monsters Unleashed,"$181,216,833","$84,216,833",46.5%,"$97,000,000",53.5%,2004
Hot Shots!,"$181,096,164","$69,467,617",38.4%,"$111,628,547",61.6%,1991
Road to Perdition,"$181,001,478","$104,454,762",57.7%,"$76,546,716",42.3%,2002
Kill Bill: Vol. 1,"$180,906,076","$70,099,045",38.8%,"$110,807,031",61.2%,2003
The Scorpion King,"$180,630,907","$91,047,077",50.4%,"$89,583,830",49.6%,2002
Sweet Home Alabama,"$180,622,424","$127,223,418",70.4%,"$53,399,006",29.6%,2002
Daddy's Home 2,"$180,613,824","$104,029,443",57.6%,"$76,584,381",42.4%,2017
Hacksaw Ridge,"$180,563,636","$67,209,615",37.2%,"$113,354,021",62.8%,2016
Deja Vu,"$180,557,550","$64,038,616",35.5%,"$116,518,934",64.5%,2006
The Post,"$180,419,276","$81,903,458",45.4%,"$98,515,818",54.6%,2017
Abominable,"$180,289,970","$60,826,390",33.7%,"$119,463,580",66.3%,2019
Dangerous Minds,"$179,519,401","$84,919,401",47.3%,"$94,600,000",52.7%,1995
The Dictator,"$179,379,533","$59,650,222",33.2%,"$119,729,311",66.8%,2012
The League of Extraordinary Gentlemen,"$179,265,204","$66,465,204",37.1%,"$112,800,000",62.9%,2003
Allegiant,"$179,246,868","$66,184,051",36.9%,"$113,062,817",63.1%,2016
Daredevil,"$179,179,718","$102,543,518",57.2%,"$76,636,200",42.8%,2003
City Slickers,"$179,033,791","$124,033,791",69.3%,"$55,000,000",30.7%,1991
He's Just Not That Into You,"$178,866,158","$93,953,653",52.5%,"$84,912,505",47.5%,2009
Eagle Eye,"$178,767,383","$101,440,743",56.7%,"$77,326,640",43.3%,2008
Along Came Polly,"$178,311,729","$88,097,164",49.4%,"$90,214,565",50.6%,2004
Flushed Away,"$178,281,554","$64,665,672",36.3%,"$113,615,882",63.7%,2006
Scary Movie 4,"$178,262,620","$90,710,620",50.9%,"$87,552,000",49.1%,2006
Dante's Peak,"$178,127,760","$67,127,760",37.7%,"$111,000,000",62.3%,1997
Brokeback Mountain,"$178,062,759","$83,043,761",46.6%,"$95,018,998",53.4%,2005
Patriot Games,"$178,051,587","$83,351,587",46.8%,"$94,700,000",53.2%,1992
Flubber,"$177,977,226","$92,977,226",52.2%,"$85,000,000",47.8%,1997
Baywatch,"$177,856,751","$58,060,186",32.6%,"$119,796,565",67.4%,2017
Double Jeopardy,"$177,841,558","$116,741,558",65.6%,"$61,100,000",34.4%,1999
War Horse,"$177,584,879","$79,884,879",45%,"$97,700,000",55%,2011
Paranormal Activity 2,"$177,512,032","$84,752,907",47.7%,"$92,759,125",52.3%,2010
How to Lose a Guy in 10 Days,"$177,502,387","$105,813,373",59.6%,"$71,689,014",40.4%,2003
Alien vs. Predator,"$177,427,090","$80,282,231",45.2%,"$97,144,859",54.8%,2004
Hero,"$177,395,557","$53,710,019",30.3%,"$123,685,538",69.7%,2002
The 40-Year-Old Virgin,"$177,378,645","$109,449,237",61.7%,"$67,929,408",38.3%,2005
Lee Daniels' The Butler,"$177,313,795","$116,632,095",65.8%,"$60,681,700",34.2%,2013
The Haunting,"$177,311,151","$91,411,151",51.6%,"$85,900,000",48.4%,1999
The Descendants,"$177,243,185","$82,584,160",46.6%,"$94,659,025",53.4%,2011
The A-Team,"$177,238,796","$77,222,099",43.6%,"$100,016,697",56.4%,2010
Tootsie,"$177,200,000","$177,200,000",100%,$0,-,1982
In the Line of Fire,"$176,997,168","$102,314,823",57.8%,"$74,682,345",42.2%,1993
Analyze This,"$176,885,658","$106,885,658",60.4%,"$70,000,000",39.6%,1999
The Hitman's Bodyguard,"$176,600,207","$75,468,583",42.7%,"$101,131,624",57.3%,2017
Looper,"$176,506,819","$66,486,205",37.7%,"$110,020,614",62.3%,2012
Serial (Bad) Weddings,"$176,404,493",-,-,"$176,404,493",100%,2014
Ip Man 4: The Finale,"$176,345,966","$3,956,031",2.2%,"$172,389,935",97.8%,2019
Dr. Dolittle 2,"$176,104,344","$112,952,899",64.1%,"$63,151,445",35.9%,2001
The Italian Job,"$176,070,171","$106,128,601",60.3%,"$69,941,570",39.7%,2003
The Bucket List,"$175,372,502","$93,466,502",53.3%,"$81,906,000",46.7%,2007
Sleeping with the Enemy,"$174,999,005","$101,599,005",58.1%,"$73,400,000",41.9%,1991
Cowboys & Aliens,"$174,822,325","$100,240,551",57.3%,"$74,581,774",42.7%,2011
The Mule,"$174,804,407","$103,804,407",59.4%,"$71,000,000",40.6%,2018
George of the Jungle,"$174,463,257","$105,263,257",60.3%,"$69,200,000",39.7%,1997
Evan Almighty,"$174,440,724","$100,462,298",57.6%,"$73,978,426",42.4%,2007
Amélie,"$174,028,204","$33,225,499",19.1%,"$140,802,705",80.9%,2001
Identity Thief,"$173,965,010","$134,506,920",77.3%,"$39,458,090",22.7%,2013
The Nutcracker and the Four Realms,"$173,961,069","$54,858,851",31.5%,"$119,102,218",68.5%,2018
Big Momma's House,"$173,959,438","$117,559,438",67.6%,"$56,400,000",32.4%,2000
In Time,"$173,930,596","$37,520,095",21.6%,"$136,410,501",78.4%,2011
Operation Mekong,"$173,839,072","$800,012",0.5%,"$173,039,060",99.5%,2016
Anchorman 2: The Legend Continues,"$173,649,931","$127,352,707",73.3%,"$46,297,224",26.7%,2013
Creed,"$173,567,581","$109,767,581",63.2%,"$63,800,000",36.8%,2015
Gemini Man,"$173,469,516","$48,546,770",28%,"$124,922,746",72%,2019
The Girl on the Train,"$173,185,859","$75,395,035",43.5%,"$97,790,824",56.5%,2016
